SKU,Name, MSRP ,Method of Delivery,Product Family,Product Group,url in dealershop
NWG-WGA130000,WatchGuard AP130 Appliance Only, $-   ,Physical,Access Points,AP130,https://partner.leadersystems.com.au/products.html?6EVpuIu6FoM=c/1I+JS+hHPXuIbDqHRnKA==S/EIT5FjrgNA/g+xAdkFN4e2/9DB
NWG-WGA13003309,Points Activation Bundle for WatchGuard AP130, $65.00 ,Electronic,Access Points,AP130,https://partner.leadersystems.com.au/products.html?yAzYavclIqk=lzwCaxrwcwXdfCgC7ZPmPA==b1DwcVrr6RrpknTCLgvZ5V+Rq2YGye4=
NWG-WGA13022001,USP Wi-Fi Management for WatchGuard AP130 - 1-year, $475.00 ,Electronic,Access Points,AP130,https://partner.leadersystems.com.au/products.html?05CIyAlPwgo=L4jjdA+tOUXFIUa5PMLmCg==pyhK1GTyQfETiwSSk/4JMaU6g1E2gM4=
NWG-WGA13022003,USP Wi-Fi Management for WatchGuard AP130 - 3-year, $600.00 ,Electronic,Access Points,AP130,https://partner.leadersystems.com.au/products.html?S3cQyhteXgA=2gAKUjos+znskMYpO15UAA==nUsluvX6B6kQY10YTz7UUe4H9JAlCEk=
NWG-WGA13022005,USP Wi-Fi Management for WatchGuard AP130 - 5-year, $725.00 ,Electronic,Access Points,AP130,https://partner.leadersystems.com.au/products.html?uZBEMS3R/K8=wZIHpi7ZbJha7MXUa7ZSnw==s/16nR1vIqM2CT3k32/EDUZqkFElOfQ=
NWG-WGA13022101,Standard Wi-Fi Management for WatchGuard AP130 - 1-year, $425.00 ,Electronic,Access Points,AP130,https://partner.leadersystems.com.au/products.html?ZpBbzuuqUjw=I48J6YiYTqIFTe6m2WzXaQ==Z7CEBZkEEi2s9VhA62F91xcB29+dJqw=
NWG-WGA13022103,Standard Wi-Fi Management for WatchGuard AP130 - 3-year, $500.00 ,Electronic,Access Points,AP130,https://partner.leadersystems.com.au/products.html?L8qp9tbwA8I=Gs/zPdzuYNMjRr6c33qbtA==HkBWdXQkwor9G/mx29ZeKX5Xl502c10=
NWG-WGA13022105,Standard Wi-Fi Management for WatchGuard AP130 - 5-year, $575.00 ,Electronic,Access Points,AP130,https://partner.leadersystems.com.au/products.html?i/fSLK/L3q4=eQPzehxEClHcK5M7vXOE8w==YmrqrgWjpYMz908IgMlAO0uqW64yXGA=
NWG-WGA230000,WatchGuard AP230W Appliance Only, $-   ,Physical,Access Points,AP230W,https://partner.leadersystems.com.au/products.html?+hOXrde1yiM=WC55myYIzjlg0eaWGvZ8sw==/l2iKm/jCydEbz4Mjz4xm3FenpL7
NWG-WGA23003309,Points Activation Bundle for WatchGuard AP230W, $86.00 ,Electronic,Access Points,AP230W,https://partner.leadersystems.com.au/products.html?sO/btSyWcnI=+rmtfw6/cRKMD2eFCVJ9ZQ==oQieSOQjkhOoPJdBgrV/jn2/zVMV1ME=
NWG-WGA23022001,USP Wi-Fi Management for WatchGuard AP230W - 1-year, $635.00 ,Electronic,Access Points,AP230W,https://partner.leadersystems.com.au/products.html?7WwUGd6Ictw=QW6rLQ1LZ+SYs4uIzqSsNA==y2gyOhztuKqpwafQjWZMAeIT3knhM5E=
NWG-WGA23022003,USP Wi-Fi Management for WatchGuard AP230W - 3-year, $760.00 ,Electronic,Access Points,AP230W,https://partner.leadersystems.com.au/products.html?szs59hoV2UM=Nx7R4lIk/yN9DYwjJHos7w==KlBi+eV1b54OR1MLYQVbdNKN9l3bnyg=
NWG-WGA23022005,USP Wi-Fi Management for WatchGuard AP230W - 5-year, $885.00 ,Electronic,Access Points,AP230W,https://partner.leadersystems.com.au/products.html?Nt2y8PK0Plg=YjyQyLSs/mZrOs/m/wUhuA==9m2HMbz50Owk1UsDSplJzhOKOp8mkU4=
NWG-WGA23022101,Standard Wi-Fi Management for WatchGuard AP230W - 1-year, $585.00 ,Electronic,Access Points,AP230W,https://partner.leadersystems.com.au/products.html?h78nCOJiUck=GA65zycrZAZgi2EiBBw9ow==Ie+R2sKT1OoF0/8vCx3ZAFtCBHCnR1E=
NWG-WGA23022103,Standard Wi-Fi Management for WatchGuard AP230W - 3-year, $660.00 ,Electronic,Access Points,AP230W,https://partner.leadersystems.com.au/products.html?guotr2Kwm/w=RWKOOng+WW03jBVnO4YkNQ==YT8VAAd/Uoyx/eW3uBg+Y6RukH7PL0c=
NWG-WGA23022105,Standard Wi-Fi Management for WatchGuard AP230W - 5-year, $735.00 ,Electronic,Access Points,AP230W,https://partner.leadersystems.com.au/products.html?39AYrgMvTbg=Mjud9yPNeSrWVsdCOnP4cQ==vx2CWpEmzcqVQ7hjPGUb39pbS+nLyKQ=
NWG-WGA330000,WatchGuard AP330 Appliance Only, $-   ,Physical,Access Points,AP330,https://partner.leadersystems.com.au/products.html?wbhF3IUL39w=NEiDZH5ln1m5MCxAexi2Ww==0jAB01qHFIiot3aQ7PJzmikIUJEs
NWG-WGA33003309,Points Activation Bundle for WatchGuard AP330, $95.00 ,Electronic,Access Points,AP330,https://partner.leadersystems.com.au/products.html?/meMiK689X0=CYrrlkGvkTFbmpYVnkwFGQ==RWpKIYGguqaBKdBtEtZw9GKPhNP5NlI=
NWG-WGA33022001,USP Wi-Fi Management for WatchGuard AP330 - 1-year, $742.00 ,Electronic,Access Points,AP330,https://partner.leadersystems.com.au/products.html?Ha54k7ePBTw=SKUhrqr+Gi3V2C275F+dqA==UviVLM1wqG+mohLgmmFJfz1zWAH3WwI=
NWG-WGA33022003,USP Wi-Fi Management for WatchGuard AP330 - 3-year, $867.00 ,Electronic,Access Points,AP330,https://partner.leadersystems.com.au/products.html?jBsi5tu/GA8=WV+0KOCCkjwL418nFHtJXg==PM/i+rzgOW3aPyHVkNQtNppy3Uqk6I8=
NWG-WGA33022005,USP Wi-Fi Management for WatchGuard AP330 - 5-year, $992.00 ,Electronic,Access Points,AP330,https://partner.leadersystems.com.au/products.html?mQ0MQVLAM9I=g0MRkFZG6yIPyPxYLl7W8g==U0vBLN33YWtMtDWuIOR3oO+GYs/7YSU=
NWG-WGA33022101,Standard Wi-Fi Management for WatchGuard AP330 - 1-year, $692.00 ,Electronic,Access Points,AP330,https://partner.leadersystems.com.au/products.html?ksNwVYIZcrs=k4CWXAAiO8KJy+lR+ulLgw==D9MdDUVnyincHsf3kt+olR6O/V9UNCM=
NWG-WGA33022103,Standard Wi-Fi Management for WatchGuard AP330 - 3-year, $767.00 ,Electronic,Access Points,AP330,https://partner.leadersystems.com.au/products.html?XHTV2LQS028=kmCzCwlJ41Apco9N2gJ0FA==NULN+MbinMe16G29SzpJQUIQB/pL43k=
NWG-WGA33022105,Standard Wi-Fi Management for WatchGuard AP330 - 5-year, $842.00 ,Electronic,Access Points,AP330,https://partner.leadersystems.com.au/products.html?Um7EqXVOrtM=56fWeT5Iuy0Swd/6lepO2w==2BImiGr3bCTn68pkTeqFZHFpClce+nI=
NWG-WGA332000,WatchGuard AP332CR Appliance Only, $-   ,Physical,Access Points,AP332CR,https://partner.leadersystems.com.au/products.html?evx8XDgtEQA=zaPfBa5+Vsc87bckzCYYcQ==n05Q3FvbgQ3SuKNp3M/GaWKTv9D+
NWG-WGA33203309,Points Activation Bundle for WatchGuard AP332CR, $96.00 ,Electronic,Access Points,AP332CR,https://partner.leadersystems.com.au/products.html?vwwkyjxjGuc=D8/p1diPfhFIG63OO9roag==xMCzHgWIjyqcJDG/vFhBeI/x9vc3jvk=
NWG-WGA33222001,USP Wi-Fi Management for WatchGuard AP332CR - 1-year, $861.00 ,Electronic,Access Points,AP332CR,https://partner.leadersystems.com.au/products.html?lD45D1CM5n8=yGE4sxKFkcGbpnfS2sZXxQ==E6ZruLgnAKShwV2c54rMVIXertREnqQ=
NWG-WGA33222003,USP Wi-Fi Management for WatchGuard AP332CR - 3-year, $986.00 ,Electronic,Access Points,AP332CR,https://partner.leadersystems.com.au/products.html?4XWp5t4pJAM=e1CXIHrzvWDdiMz3h0f4Hg==MazLmeutLNEvpXTU2bgiXg4FS5yysCE=
NWG-WGA33222005,USP Wi-Fi Management for WatchGuard AP332CR - 5-year," $1,111.00 ",Electronic,Access Points,AP332CR,https://partner.leadersystems.com.au/products.html?zeND1G+EPCc=bN3v8e4O4PpR1ODWPkkJbw==x36KKYIhzc5MJleeE46lvJBlpAm6nSs=
NWG-WGA33222101,Standard Wi-Fi Management for WatchGuard AP332CR - 1-year, $811.00 ,Electronic,Access Points,AP332CR,https://partner.leadersystems.com.au/products.html?DrdvNbxql+M=SU6txkFLaXB++uEaLIVOCQ==T4bi4NP1oZNvfg3hplJG55DK0we0bMY=
NWG-WGA33222103,Standard Wi-Fi Management for WatchGuard AP332CR - 3-year, $886.00 ,Electronic,Access Points,AP332CR,https://partner.leadersystems.com.au/products.html?IqKa5CwlrRw=tSMWYz+ihZLixx69xZ8NnA==AVCC2wY8eI9A5l1lqg1LV9rjegjC1cM=
NWG-WGA33222105,Standard Wi-Fi Management for WatchGuard AP332CR - 5-year, $961.00 ,Electronic,Access Points,AP332CR,https://partner.leadersystems.com.au/products.html?44VUANMHdTA=MBExkB27M0ZQ5mvQD6lX9g==YJ0cg7jlVreU0i9+zVcrhTSeSH7mvfE=
NWG-WGA430000,WatchGuard AP430CR Appliance Only, $-   ,Physical,Access Points,AP430CR,https://partner.leadersystems.com.au/products.html?fc5j5BkoWHY=oNv0mHAddQeDw/dCwXNbvg==5XjaTqBzOetV4MRYYamtZoZOl10d
NWG-WGA43003309,Points Activation Bundle for WatchGuard AP430CR, $176.00 ,Electronic,Access Points,AP430CR,https://partner.leadersystems.com.au/products.html?y9S3lTUQK4o=JZBoEO/wxTWvNlPhJ6J3aA==vzrSgdyr78KaswDws+LWary8fO1VS1A=
NWG-WGA43022001,USP Wi-Fi Management for WatchGuard AP430CR - 1-year," $1,494.00 ",Electronic,Access Points,AP430CR,https://partner.leadersystems.com.au/products.html?kL+jpgvn55E=zinYUhICQxo5S8viTyV2rA==NNGVT9TnYKxKDVdI6V1UYfe0HvZE6yA=
NWG-WGA43022003,USP Wi-Fi Management for WatchGuard AP430CR - 3-year," $1,619.00 ",Electronic,Access Points,AP430CR,https://partner.leadersystems.com.au/products.html?PzlTA+VKqvs=K2PvC5e5wv7yuQBCjOWErQ==aZHx0OQqSTuSRCy61zLdhIND+5sdits=
NWG-WGA43022005,USP Wi-Fi Management for WatchGuard AP430CR - 5-year," $1,744.00 ",Electronic,Access Points,AP430CR,https://partner.leadersystems.com.au/products.html?yFiv+IuNBm8=FqdqAv/wrZnWClE3ZMHVig==XgTDPnDuH2fm+NpJYh7ff/VMqtxh5zc=
NWG-WGA43022101,Standard Wi-Fi Management for WatchGuard AP430CR - 1-year," $1,444.00 ",Electronic,Access Points,AP430CR,https://partner.leadersystems.com.au/products.html?pnSCkNSRkuw=ubx8ANb1ETL0Yg8UR4O+CQ==wIMnEoDrznB8xnT0ipyffUsQAST2NUw=
NWG-WGA43022103,Standard Wi-Fi Management for WatchGuard AP430CR - 3-year," $1,519.00 ",Electronic,Access Points,AP430CR,https://partner.leadersystems.com.au/products.html?F4c17fvfk2U=BBXz7c9PQ0TthpIQXTtQUg==TBohlrC2dMGIkznZQG66FQ6KQ7IIcSk=
NWG-WGA43022105,Standard Wi-Fi Management for WatchGuard AP430CR - 5-year," $1,594.00 ",Electronic,Access Points,AP430CR,https://partner.leadersystems.com.au/products.html?gQBCcJFzZrE=E4YpOFE129pyOXLTC+SHtQ==ORan3c4o/ViQq31M5rOMiGp/Uzl3zQo=
NWG-WGA432000,WatchGuard AP432 Appliance Only, $-   ,Physical,Access Points,AP432,https://partner.leadersystems.com.au/products.html?A1sbM3vwCRI=P6L9Q8/KWjlyeRgiimFJEw==g4exg6byYSIJs6kPb7QH7d0qs0tl
NWG-WGA43203309,Points Activation Bundle for WatchGuard AP432, $110.00 ,Electronic,Access Points,AP432,https://partner.leadersystems.com.au/products.html?0IjY+MSQ0Ec=PVtM/XM/UHdNikuO20EhmA==6sl2yDiZTFXEWSfl1MgjS5ZizJ4QrIQ=
NWG-WGA43222001,USP Wi-Fi Management for WatchGuard AP432 - 1-year, $880.00 ,Electronic,Access Points,AP432,https://partner.leadersystems.com.au/products.html?565oCfNQ9Wo=fgEJ4QENDTab9tuMdKmvfg==qEXSBdrvUp74bGqL45oF4EoBgJLU9CY=
NWG-WGA43222003,USP Wi-Fi Management for WatchGuard AP432 - 3-year," $1,005.00 ",Electronic,Access Points,AP432,https://partner.leadersystems.com.au/products.html?WfJ/hK7uCFk=4+nucdDorR07cRgD6N3tUw==0//3zxiXcIRFxwN2iEbhrARy7PntuSg=
NWG-WGA43222005,USP Wi-Fi Management for WatchGuard AP432 - 5-year," $1,130.00 ",Electronic,Access Points,AP432,https://partner.leadersystems.com.au/products.html?wFYwZB43Amo=OwoHsq0sR/NvZ8LD+KXa7A==X+1vaIt/emBgkyUCp39SIEpAo+Vgw44=
NWG-WGA43222101,Standard Wi-Fi Management for WatchGuard AP432 - 1-year, $830.00 ,Electronic,Access Points,AP432,https://partner.leadersystems.com.au/products.html?gQ3J3vU/FEU=bpMz72a11Wm2+FkZak4Hjg==66CF/G+F9q1zji9Sfq6Fj/LQ0H6kKlU=
NWG-WGA43222103,Standard Wi-Fi Management for WatchGuard AP432 - 3-year, $905.00 ,Electronic,Access Points,AP432,https://partner.leadersystems.com.au/products.html?t8rgOob+awM=04uGgxK2TI395HRogCIDSg==btGk5kPiBar0JoCew6xMSv+CefrXo5c=
NWG-WGA43222105,Standard Wi-Fi Management for WatchGuard AP432 - 5-year, $980.00 ,Electronic,Access Points,AP432,https://partner.leadersystems.com.au/products.html?vmb5xRgv/RY=cK9PTDmfLCPLZKcsAiYK2Q==8JBMME0mQkdMwyGrYBrkjvHVarBLbx4=
NWG-WGM2901603,WatchGuard High Availability for M290 - 3-Year, $237.60 ,Electronic,M-Series,M290,https://partner.leadersystems.com.au/products.html?XAX71uoJKMk=oMplUt+YQFtc+rYhHJANqw==RfKG5jqRIUvvaioVSOX/geNdscvZ5Q==
NWG-WGM290000,WatchGuard Firebox M290 Appliance Only," $1,440.00 ",Physical,M-Series,M290,https://partner.leadersystems.com.au/products.html?25G8t4aw4dk=eLXsKS+pQmY6ZLS6bool5A==Fy85f2ZnRBWu+yGIHkHx220yMHGk
NWG-WGM2900061,WatchGuard Standard Support for Firebox M290 - 1-Year, $760.00 ,Electronic,M-Series,M290,https://partner.leadersystems.com.au/products.html?m31kv0y9B4o=78GiH3/+wSZuYedJObgmhA==FKLGdaKEJITCgHoRESaeLc7l+ML7Nw==
NWG-WGM2900063,WatchGuard Standard Support for Firebox M290 - 3-Year," $1,345.00 ",Electronic,M-Series,M290,https://partner.leadersystems.com.au/products.html?lxR2FLeMZ3Q=KJrsUAb336PSyIi13EiQrA==lSKXCziKc981hinX6nO667McbmWwDg==
NWG-WGM2900071,WatchGuard Basic Security Suite for Firebox M290 - 1-Year," $1,235.00 ",Electronic,M-Series,M290,https://partner.leadersystems.com.au/products.html?FXaXDtieTHw=T4bxoa8qkfQXP6x+rEth6g==OMsL+g4nxn526UKgCoK1NgrdhD6kxA==
NWG-WGM2900073,WatchGuard Basic Security Suite for Firebox M290 - 3-Year," $2,850.00 ",Electronic,M-Series,M290,https://partner.leadersystems.com.au/products.html?xIi2+tA0i+0=l/xf+VrdxVW9hAxWI0y+Vw==bfPHN73f2UQAGQVorWlDDCSI0RqFWA==
NWG-WGM2900081,WatchGuard Total Security Suite for Firebox M290 - 1-Year," $2,320.00 ",Electronic,M-Series,M290,https://partner.leadersystems.com.au/products.html?Wz8DnYeN5vM=x8u7GMR/rRUU4HFeVKqGsg==lAYS64HjprbgC8X6G/fHhheJtFnglA==
NWG-WGM2900083,WatchGuard Total Security Suite for Firebox M290 - 3-Year," $5,425.00 ",Electronic,M-Series,M290,https://partner.leadersystems.com.au/products.html?RcdUTkcftXs=adLimlKMq9WlKU4Tb8mH+Q==1hhRvwVU3iopTpPvgeC8IefK18EbJg==
NWG-WGM2900203,Trade Up to WatchGuard Basic Security Suite for Firebox M290 - 3-Year," $2,300.00 ",Electronic,M-Series,M290,https://partner.leadersystems.com.au/products.html?KOk3vOX0ogQ=ZXu2Etie8Z/uLh6q1jN3kg==QuvSjmFxvPA1pjz1yK/k718EMa2AZg==
NWG-WGM2900211,Trade Up to WatchGuard Total Security Suite for Firebox M290 - 1-Year," $1,770.00 ",Electronic,M-Series,M290,https://partner.leadersystems.com.au/products.html?Yy/N6fo/X9Q=q1w/O7bHj8YDAsoOGa7Grg==HQ5ajYM/N4sLzNu/BDD5r6ohYWbFeA==
NWG-WGM2900213,Trade Up to WatchGuard Total Security Suite for Firebox M290 - 3-Year," $4,860.00 ",Electronic,M-Series,M290,https://partner.leadersystems.com.au/products.html?HNL4BaZWq2M=IupZB4VYmn9FWk9C59Ga5g==nrBoSFC9NpOeTJfqPbrNeLlLyFE1WQ==
NWG-WGM2901601,WatchGuard High Availability for M290 - 1-Year, $99.00 ,Electronic,M-Series,M290,https://partner.leadersystems.com.au/products.html?/2WXfRqbvys=gUlbaRrEEyBkOwrDYbSaUA==aPpM8d11jidBG730qFE7e1xa8srdWw==
NWG-WGM295000,WatchGuard Firebox M295 Appliance Only," $1,000.00 ",Physical,M-Series,M295,https://partner.leadersystems.com.au/products.html?f+P56YCTCy8=S9Ja6Q+3mbBtIKJiOv9/7A==VLEGFj8wa3DfDltzpR7HX7bGItBC
NWG-WGM2950061,WatchGuard Standard Support for Firebox M295 - 1-Year," $1,790.00 ",Electronic,M-Series,M295,https://partner.leadersystems.com.au/products.html?Z2GSzt1Dq+8=rrtL3MNdziKbOKhCScRYxg==+FP+2dmJ1+ms4IWRd88TjKVDPk8LsA==
NWG-WGM2950063,WatchGuard Standard Support for Firebox M295 - 3-Year," $3,140.00 ",Electronic,M-Series,M295,https://partner.leadersystems.com.au/products.html?FcZzvlv4V8o=95M4P3UaUahuSHVmdk271A==BZSm65HCBQAOr/weojKUEiUU6uxJcg==
NWG-WGM2950071,WatchGuard Basic Security Suite for Firebox M295 - 1-Year," $2,390.00 ",Electronic,M-Series,M295,https://partner.leadersystems.com.au/products.html?vBMFR4Zb45c=7Ka4xDDVOJVAG00WEQix0g==IVFIHBPKhK+WxTHip05zxuDRxVN9yA==
NWG-WGM2950073,WatchGuard Basic Security Suite for Firebox M295 - 3-Year," $4,440.00 ",Electronic,M-Series,M295,https://partner.leadersystems.com.au/products.html?ostYhHXTzEA=9vP/Hl8Il1Ix0tzo1VHSMw==c9ueWq0L4D/WFQy0hUHDL1YneakgpQ==
NWG-WGM2950081,WatchGuard Total Security Suite for Firebox M295 - 1-Year," $3,770.00 ",Electronic,M-Series,M295,https://partner.leadersystems.com.au/products.html?4AJvzSqbDgk=LnmYAN4lds+z1Y9kd2MbCw==nsgpw6RCo4K1yZy3+r8Ii9T6zHch8w==
NWG-WGM2950083,WatchGuard Total Security Suite for Firebox M295 - 3-Year," $7,690.00 ",Electronic,M-Series,M295,https://partner.leadersystems.com.au/products.html?ehsyrzMm3yA=gfXsMYdzkHod/QyTSDvN2g==H2birTR8PrSYyxTikucLiMbnlYdH9A==
NWG-WGM2950203,Trade Up to WatchGuard Basic Security Suite for Firebox M295 - 3-Year," $4,170.00 ",Electronic,M-Series,M295,https://partner.leadersystems.com.au/products.html?6VOEb1bZWnQ=hmOc7qTowrb1KtPC4JbKeQ==kd2frAbSZCPT7FE5Jj2wqcFaI4Eq+g==
NWG-WGM2950211,Trade Up to WatchGuard Total Security Suite for Firebox M295 - 1-Year," $3,530.00 ",Electronic,M-Series,M295,https://partner.leadersystems.com.au/products.html?taFJC4istZ8=I2snTq+A08BKURWfiqTqnA==0PtonLs//HufX9sBY1+O+ma+JeXZAg==
NWG-WGM2950213,Trade Up to WatchGuard Total Security Suite for Firebox M295 - 3-Year," $7,260.00 ",Electronic,M-Series,M295,https://partner.leadersystems.com.au/products.html?fQGt0ko3pKs=M19NoUibjeHEs/lZXepRUw==DQ3UVihnDxSCV74sXBS2Xf4hOO+3xg==
NWG-WGM2951601,WatchGuard  Standard Support for Firebox M295 High Availability - 1-Year, $400.00 ,Electronic,M-Series,M295,https://partner.leadersystems.com.au/products.html?zfmqiYkfkXg=OOdxQ8jXsl0knZ93lCVgDw==Q5elwQkaEBKukgoVjJh5bvVVsCvdCg==
NWG-WGM2951603,WatchGuard  Standard Support for Firebox M295 High Availability - 3-Year," $1,490.00 ",Electronic,M-Series,M295,https://partner.leadersystems.com.au/products.html?c643RGO4Bm4=R847niX7Kb3uB1B706r+uQ==/hvlA44p3LLVFsvcKyX0d1FTEa8x3A==
NWG-WGM3901603,WatchGuard High Availability for M390 - 3-Year, $237.60 ,Electronic,M-Series,M390,https://partner.leadersystems.com.au/products.html?KevlVK0iEe8=gBZEAw/Tz42zWRF2LuhcRg==DBur/91XsHuArdbAPe8qLluQvxXEYg==
NWG-WGM390000,WatchGuard Firebox M390 Appliance Only," $2,165.00 ",Physical,M-Series,M390,https://partner.leadersystems.com.au/products.html?u7QSJo/m1dQ=fPftxpm3ioTnoJbumNEmyQ==9+g+0OOyqe9UtGXYaFT6DOubNLdU
NWG-WGM3900061,WatchGuard Standard Support for Firebox M390 - 1-Year," $1,145.00 ",Electronic,M-Series,M390,https://partner.leadersystems.com.au/products.html?xRIAqGhxE2c=tq2cp1BTwTVYo6wHoPma0g==24ONbyl2sGK6nNGTbLT23elvWp3Y7g==
NWG-WGM3900063,WatchGuard Standard Support for Firebox M390 - 3-Year," $2,035.00 ",Electronic,M-Series,M390,https://partner.leadersystems.com.au/products.html?yH5279uS+/E=tfgQqzIsrZQ+NFQ6Es87gQ==iiOOeM5niIo/eL1uH5Fa9vG3Ahsuqw==
NWG-WGM3900071,WatchGuard Basic Security Suite for Firebox M390 - 1-Year," $1,865.00 ",Electronic,M-Series,M390,https://partner.leadersystems.com.au/products.html?ohwTjpMbn3s=X1ITlg+Ps4JIkV/1TosW4Q==9n0SnI2IRIJ1hFa3pDszJg9lTf2H1Q==
NWG-WGM3900073,WatchGuard Basic Security Suite for Firebox M390 - 3-Year," $4,290.00 ",Electronic,M-Series,M390,https://partner.leadersystems.com.au/products.html?/DC32XansXQ=5ZnJ6Zr5JVnPA7EU3x4p3w==51Ww2gbAD/wKq5vMDQ3s3sPMFnOHcg==
NWG-WGM3900081,WatchGuard Total Security Suite for Firebox M390 - 1-Year," $3,495.00 ",Electronic,M-Series,M390,https://partner.leadersystems.com.au/products.html?GqrbhUf5eMg=19JdvlWfQXwQ6V6Xs1fDRg==JlV9Pz3hXzHMwAIFVuXUqmzKZJVOYA==
NWG-WGM3900083,WatchGuard Total Security Suite for Firebox M390 - 3-Year," $8,165.00 ",Electronic,M-Series,M390,https://partner.leadersystems.com.au/products.html?G4eyZcDwrmk=SAO585rpPu09U20mtDHFGQ==tMoHD9207QMUUW6uh2J6WE1tiATiLg==
NWG-WGM3900203,Trade Up to WatchGuard Basic Security Suite for Firebox M390 - 3-Year," $3,465.00 ",Electronic,M-Series,M390,https://partner.leadersystems.com.au/products.html?u+G6AW+5cJc=LbGGMgBqlngdeGP1exr1Fg==/VvZ+5sZ1WKQO3AlLkekaQlxy5g1/w==
NWG-WGM3900211,Trade Up to WatchGuard Total Security Suite for Firebox M390 - 1-Year," $2,670.00 ",Electronic,M-Series,M390,https://partner.leadersystems.com.au/products.html?y7X7YMoucV4=YkkoJXf4wEK+BGKQ2aoGjQ==PL6mu7quzKIZqgLjbsnImqa8mLFwwQ==
NWG-WGM3900213,Trade Up to WatchGuard Total Security Suite for Firebox M390 - 3-Year," $7,320.00 ",Electronic,M-Series,M390,https://partner.leadersystems.com.au/products.html?N3JY7MOvXP4=mK4DOlzN4iiorwcjq1SPEQ==ef+Ud9y+HTS7xSEiEs3QCwrV9UYm4A==
NWG-WGM3901601,WatchGuard High Availability for M390 - 1-Year, $99.00 ,Electronic,M-Series,M390,https://partner.leadersystems.com.au/products.html?7l9nS7LrSy0=1KAfIB9nA5qHC5q35/jJEw==NRJps12E2QAQWLXq+ndyqKOpK0GsEQ==
NWG-WGM395000,WatchGuard Firebox M395 Appliance Only," $1,600.00 ",Physical,M-Series,M395,https://partner.leadersystems.com.au/products.html?u75GJ2OEi3Q=DsEtdQQ+T/Ak2abaBogj7Q==cZWQ2ztjvR0ABpLKZ14V2V0gbrPs
NWG-WGM3950061,WatchGuard Standard Support for Firebox M395 - 1-Year," $3,150.00 ",Electronic,M-Series,M395,https://partner.leadersystems.com.au/products.html?5KlF4SrZ44Q=vLDtdia0841wQGziu3akRg==H5e/ze9zaPHsNqL+gEQ9bLlkMjc6Qw==
NWG-WGM3950063,WatchGuard Standard Support for Firebox M395 - 3-Year," $5,400.00 ",Electronic,M-Series,M395,https://partner.leadersystems.com.au/products.html?Ak+76GtlEkE=927SMHLZQBhIA1eBW5xF4A==A8ujbOyhxctngRlDE9eK9sM95G5kRg==
NWG-WGM3950071,WatchGuard Basic Security Suite for Firebox M395 - 1-Year," $4,170.00 ",Electronic,M-Series,M395,https://partner.leadersystems.com.au/products.html?OIUsHwCdqNE=ShacC715IfaanSMIxfRSJA==HnnLWw+4ZP/x/uQuceBVhH09LNh1sQ==
NWG-WGM3950073,WatchGuard Basic Security Suite for Firebox M395 - 3-Year," $7,640.00 ",Electronic,M-Series,M395,https://partner.leadersystems.com.au/products.html?FQvhSYQVL1E=rkrW3f/xQTY9XYEJGwNe7g==5hxcXHZHhCEV2agmWb/UjvPYkMfykw==
NWG-WGM3950081,WatchGuard Total Security Suite for Firebox M395 - 1-Year," $6,500.00 ",Electronic,M-Series,M395,https://partner.leadersystems.com.au/products.html?HofOakpjUHY=bm1HMxgr7KIbD+qWdUI8rA==LVbYuKL4gEoJPDRn94Yf7lixuyGVVg==
NWG-WGM3950083,WatchGuard Total Security Suite for Firebox M395 - 3-Year," $13,180.00 ",Electronic,M-Series,M395,https://partner.leadersystems.com.au/products.html?5mjLVWTTK8U=JSa9i0m5NRFL/rwNtZ8jBw==qjvnoHzm4QUbNR675JDWqNd72mFzWQ==
NWG-WGM3950203,Trade Up to WatchGuard Basic Security Suite for Firebox M395 - 3-Year," $7,180.00 ",Electronic,M-Series,M395,https://partner.leadersystems.com.au/products.html?1cAtaKQLzVg=MLQl4FnllFmEvRaBvKHW3Q==pwOc4wAEMNHTsS+NIGccFIJp7MDyBA==
NWG-WGM3950211,Trade Up to WatchGuard Total Security Suite for Firebox M395 - 1-Year," $6,100.00 ",Electronic,M-Series,M395,https://partner.leadersystems.com.au/products.html?/wp8yPat6nM=6ukU0EwwVv8R3iEOvSgelQ==gKO7WCaiILmpNHE8exbfDDovAcoSIw==
NWG-WGM3950213,Trade Up to WatchGuard Total Security Suite for Firebox M395 - 3-Year," $12,440.00 ",Electronic,M-Series,M395,https://partner.leadersystems.com.au/products.html?ujAgkj8Mydo=XZ/Yzz7jf8svG7amKdcGbw==Yp8I0kQiCmESb86NNjfteebA42Zx7w==
NWG-WGM3951601,WatchGuard High Availability for M395 - 1-Year, $780.00 ,Electronic,M-Series,M395,https://partner.leadersystems.com.au/products.html?wU3HWehbDS0=JB7osHzJxrlP5Q2llYv1HA==ecBl4e4U/WOAEd7QA6hjfROMLBJxcQ==
NWG-WGM3951603,WatchGuard High Availability for M395 - 3-Year," $2,600.00 ",Electronic,M-Series,M395,https://partner.leadersystems.com.au/products.html?LmcoiwcNQSE=K8dVB2PtlUtJDt1bJDn47A==Ph+YbT7Zu3XiaZtWTc+rTLxkiASk3Q==
NWG-WGM480001603,WatchGuard High Availability for M4800 - 3-Year, $237.60 ,Electronic,M-Series,M4800,https://partner.leadersystems.com.au/products.html?UIEBWiZwCsY=I9FIYyCy5+U40fU4nbYUPQ==WEnrw9cNDA7HKaPXFo3c11FSaVd6vQvm
NWG-WGM480001620,WatchGuard High Availability for M4800 - 1-Month Subscription, $9.23 ,Electronic,M-Series,M4800,https://partner.leadersystems.com.au/products.html?oyZT1WcmRpg=0T2R+Kt+qZhF5D6N0z+zZQ==lhoXQ3jMJX0qEg48yvids9NxfLMroCUP
NWG-WGM48000,WatchGuard Firebox M4800 Appliance Only," $7,050.00 ",Physical,M-Series,M4800,https://partner.leadersystems.com.au/products.html?BLOjs3SE31U=qzsmbnPndWeC0nNFCt47XQ==gMK+0fFwLdxlH3O3SHqVNZizS5k=
NWG-WGM48000061,WatchGuard Standard Support for Firebox M4800 - 1-Year," $9,215.00 ",Electronic,M-Series,M4800,https://partner.leadersystems.com.au/products.html?oYPUzrACxds=Pju9lV5uT0yDerLSLB6l1A==cqIPf2i4HT5h0FRZGIHpAGmgzjVRels=
NWG-WGM48000063,WatchGuard Standard Support for Firebox M4800 - 3-Year," $13,560.00 ",Electronic,M-Series,M4800,https://partner.leadersystems.com.au/products.html?oNUBMDEs4zg=/nBMAx53U13Fj7TV7SA7Dg==FaWXIvk9GnTnl7hJHJPr79KNSW9pwjs=
NWG-WGM48000071,WatchGuard Basic Security Suite for Firebox M4800 - 1-Year," $12,735.00 ",Electronic,M-Series,M4800,https://partner.leadersystems.com.au/products.html?z6v7qT6JPlM=Ok7KobM/3CBy6wguM0Ek7A==AbzX5Tdtm9asfgOH+7E2GfNKPe0Tb6w=
NWG-WGM48000073,WatchGuard Basic Security Suite for Firebox M4800 - 3-Year," $24,660.00 ",Electronic,M-Series,M4800,https://partner.leadersystems.com.au/products.html?Id4Paj+XZDI=gv6EMDhE7GP3s0yWyqDsAA==C+gK+2msn52koencFvbe6gUpxMa4WjE=
NWG-WGM48000081,WatchGuard Total Security Suite for Firebox M4800 - 1-Year," $20,755.00 ",Electronic,M-Series,M4800,https://partner.leadersystems.com.au/products.html?JMpxHy5I1bw=bvP99gMhwpAMsev7KBB/3g==o35A4WspyE5jvZJxYP1GB7O+LxWN+j0=
NWG-WGM48000083,WatchGuard Total Security Suite for Firebox M4800 - 3-Year," $43,680.00 ",Electronic,M-Series,M4800,https://partner.leadersystems.com.au/products.html?yCSMvxtxcd8=sNoG/vX7u8CRLGrwcHKwFA==l843Rx/1WNRvWx24f7bWHApdNw2IHUE=
NWG-WGM480001601,WatchGuard High Availability for M4800 - 1-Year, $99.00 ,Electronic,M-Series,M4800,https://partner.leadersystems.com.au/products.html?AyTAQaEQQ3c=kPKFnLJfnyfdlbbsYe9F/w==mMCtpwuzAdo1rmIv/JNekZ/dd9ajr6Xo
NWG-WGM48000201,Trade Up to WatchGuard Basic Security Suite for M4800 - 1-Year," $8,670.00 ",Electronic,M-Series,M4800,https://partner.leadersystems.com.au/products.html?FsdZOx4r5YQ=30WmXbUKlxmKcsk7PKqsUA==VGdFmxtc4y02t5IZ/tCY+XuNlYxxWxw=
NWG-WGM48000203,Trade Up to WatchGuard Basic Security Suite for Firebox M4800 - 3-Year," $20,580.00 ",Electronic,M-Series,M4800,https://partner.leadersystems.com.au/products.html?b4BS9OuqLJ4=0DXVRrBAbBD8ilHpqMnKRg==EBLSrd3KLk2qAF9m2+0QPeqpavoXZzs=
NWG-WGM48000211,Trade Up to WatchGuard Total Security Suite for Firebox M4800 - 1-Year," $16,690.00 ",Electronic,M-Series,M4800,https://partner.leadersystems.com.au/products.html?3KhPrB2blpw=3APdHTSVwOUTxNWnxvx71w==MP8cwtwFCsnkSfpkylbSz6OFmTgoS68=
NWG-WGM48000213,Trade Up to WatchGuard Total Security Suite for Firebox M4800 - 3-Year," $39,535.00 ",Electronic,M-Series,M4800,https://partner.leadersystems.com.au/products.html?RpK1XS1qUIs=Z88KtxlcqXVMJMg4Up5qPQ==mpLE26nag0ory+OdMrn+iMUJm+BH6v4=
NWG-WGM495000,WatchGuard Firebox M495 Appliance Only," $2,400.00 ",Physical,M-Series,M495,https://partner.leadersystems.com.au/products.html?9K7ePLksUz8=z5frc+wZO/nAeDjgi8wesg==hN7KDPfkKS9ww0jo1xoIfgBOHD2G
NWG-WGM4950061,WatchGuard Standard Support for Firebox M495 - 1-Year," $5,930.00 ",Electronic,M-Series,M495,https://partner.leadersystems.com.au/products.html?br+/81Eo/Uc=Gau1ojnTwl49NH85n74KVw==hTWyAmwvKvLlPZQULS6jVVhY1nH+OQ==
NWG-WGM4950063,WatchGuard Standard Support for Firebox M495 - 3-Year," $9,770.00 ",Electronic,M-Series,M495,https://partner.leadersystems.com.au/products.html?duTHKcfzL3I=a/RS5XU1RGSF2RtL5RpFGw==jOHrN6t+hjy42Ifydczb9jmQD8ihwA==
NWG-WGM4950071,WatchGuard Basic Security Suite for Firebox M495 - 1-Year," $7,750.00 ",Electronic,M-Series,M495,https://partner.leadersystems.com.au/products.html?tU7Rx12wsHI=eiYecW8syVastDAf1u/JeA==2kig7sKCGoBfU/vf+4zraXl0Yq5MDw==
NWG-WGM4950073,WatchGuard Basic Security Suite for Firebox M495 - 3-Year," $13,850.00 ",Electronic,M-Series,M495,https://partner.leadersystems.com.au/products.html?Xovh+D/M7Wo=hB3Ny+Pt7m92KtP8dXyP1g==HZJgU/7YIAd4eoVoErkzWNasIRK8yA==
NWG-WGM4950081,WatchGuard Total Security Suite for Firebox M495 - 1-Year," $11,840.00 ",Electronic,M-Series,M495,https://partner.leadersystems.com.au/products.html?1IgLbaEOTGg=fUmZ9y2Sw3gdW7dHovkl7g==+AyR/odENstx7vyXfx8wta/GCaljLg==
NWG-WGM4950083,WatchGuard Total Security Suite for Firebox M495 - 3-Year," $23,590.00 ",Electronic,M-Series,M495,https://partner.leadersystems.com.au/products.html?80Rl91pBmbY=6SriXtZUlrkiXjGIJ6ABFg==9Lahn7vyIJWEtGvpXdGF3dQMHTboaw==
NWG-WGM4950203,Trade Up to WatchGuard Basic Security Suite for Firebox M495 - 3-Year," $13,040.00 ",Electronic,M-Series,M495,https://partner.leadersystems.com.au/products.html?f0OQFPy4Ug0=Adi/hRGgnjc9/O26t8wR1g==1vMY5vUVHs8M61nWS6AHcRWAqMWL/A==
NWG-WGM4950211,Trade Up to WatchGuard Total Security Suite for Firebox M495 - 1-Year," $11,130.00 ",Electronic,M-Series,M495,https://partner.leadersystems.com.au/products.html?VDUbE8vZTZo=y5Us3cdaz2bzRTJCtoGTjg==49VXAeBctzcG+SQoYcQyfgY4Cl+SDg==
NWG-WGM4950213,Trade Up to WatchGuard Total Security Suite for Firebox M495 - 3-Year," $22,290.00 ",Electronic,M-Series,M495,https://partner.leadersystems.com.au/products.html?XOdAnYa2pUI=YiwDBQkmLFcuZrVSm3AMHA==pPGd2BHTgjy31RoWuHnT7bALHN1QQA==
NWG-WGM4951601,WatchGuard High Availability for M495 - 1-Year," $1,770.00 ",Electronic,M-Series,M495,https://partner.leadersystems.com.au/products.html?FfkbqmakIBw=ly/+CopZkeXQebo2thwGzw==gmp1vC2V3u9YGhNUzvIQv1YD1PjkkQ==
NWG-WGM4951603,WatchGuard High Availability for M495 - 3-Year," $4,900.00 ",Electronic,M-Series,M495,https://partner.leadersystems.com.au/products.html?9T7UAlPCJP8=93vZ9un9uYG7z/p1JAZv5Q==96GJEUMuhn/9GBm9+DX+uFcxyIO6aA==
NWG-WGM580001603,WatchGuard High Availability for M5800 - 3-Year, $237.60 ,Electronic,M-Series,M5800,https://partner.leadersystems.com.au/products.html?g1E83i1rENA=ZcdEK3BmmMIIRFqKNiJCaQ==fFlP64nu9l6+aH3d/1XfByeSv8uBnlJ2
NWG-WGM580001620,WatchGuard High Availability for M5800 - 1-Month Subscription, $9.24 ,Electronic,M-Series,M5800,https://partner.leadersystems.com.au/products.html?/KpxutpPDhQ=FlGwTeisByvvREj/vdClvg==1KOQrMayf0azUX+bwjSXJp/IL8KcF4KY
NWG-WGM58000,WatchGuard Firebox M5800 Appliance Only," $9,400.00 ",Physical,M-Series,M5800,https://partner.leadersystems.com.au/products.html?IQc4mjiUZSc=IEMrZIGuyGP1MV7M7UmwUg==qc3GWcH5YEgrRvIBswT4yTD3exY=
NWG-WGM58000061,WatchGuard Standard Support for Firebox M5800 - 1-Year," $28,370.00 ",Electronic,M-Series,M5800,https://partner.leadersystems.com.au/products.html?7m75mfAwWgA=zuWTSSTEOVlZFj9n4QK+QQ==EjdnJhx4bjCZAYCQznCwzrc2IpSe4BU=
NWG-WGM58000063,WatchGuard Standard Support for Firebox M5800 - 3-Year," $38,465.00 ",Electronic,M-Series,M5800,https://partner.leadersystems.com.au/products.html?dze05FAOQqc=o/MVP4durQJw2A7dru+OwA==ePmpzl8lISrdEYxc34jCu9qwGo5iZ3o=
NWG-WGM58000071,WatchGuard Basic Security Suite for Firebox M5800 - 1-Year," $36,555.00 ",Electronic,M-Series,M5800,https://partner.leadersystems.com.au/products.html?mH5El2c90+U=8jGSQRfsS/Ccr5xPlYs4Vw==5cCkeKyq9RinNnqMORC/LPtfxjB7xSE=
NWG-WGM58000073,WatchGuard Basic Security Suite for Firebox M5800 - 3-Year," $64,240.00 ",Electronic,M-Series,M5800,https://partner.leadersystems.com.au/products.html?0ARQ0t3JBII=HSYluNTJBMo8b21zC/oPZQ==tpEFTXncjnEGTD6RW9yVatLUHj0vyhs=
NWG-WGM58000081,WatchGuard Total Security Suite for Firebox M5800 - 1-Year," $55,165.00 ",Electronic,M-Series,M5800,https://partner.leadersystems.com.au/products.html?KzG1ofT1Wrk=L4HUmx2eGsQaonqJziAYwg==OVsksxRaNrl9tcrkfaF63eaKl+XgsZ8=
NWG-WGM58000083,WatchGuard Total Security Suite for Firebox M5800 - 3-Year," $108,420.00 ",Electronic,M-Series,M5800,https://partner.leadersystems.com.au/products.html?7VmCbutSivM=3g9OVFpQpT2kc5PSOfF4Lg==tT9kCp+GtSTwrUZIknExbkhVHVvnU/E=
NWG-WGM580001601,WatchGuard High Availability for M5800 - 1-Year, $99.00 ,Electronic,M-Series,M5800,https://partner.leadersystems.com.au/products.html?Bu7O3sVE36E=goq0sKPVy+/+ZY56YvTMaQ==3gRPaxXOl00EGigm9CUda1OySL92vdE+
NWG-WGM58000201,Trade Up to WatchGuard Basic Security Suite for M5800 - 1-Year," $27,110.00 ",Electronic,M-Series,M5800,https://partner.leadersystems.com.au/products.html?hpJF1ZAXIlA=gi4n1ci/1hKdqF8dLMKe7Q==xKqKWKO50MhX1OnYVemjOqTfVafm7JA=
NWG-WGM58000203,Trade Up to WatchGuard Basic Security Suite for Firebox M5800 - 3-Year," $54,775.00 ",Electronic,M-Series,M5800,https://partner.leadersystems.com.au/products.html?ElvqfNWtAEc=Y/EHiYLr/t0wCqP0MbKIkA==h/GFIhdL2IppkmnRJ3HnYgOpgBnejVw=
NWG-WGM58000211,Trade Up to WatchGuard Total Security Suite for Firebox M5800 - 1-Year," $45,725.00 ",Electronic,M-Series,M5800,https://partner.leadersystems.com.au/products.html?NcWGD433oP8=hFKa3KI8fYxTRZ+kvaPSMA==7j8ddc+xEW/PYcWkLycjd6TX1c9aFx8=
NWG-WGM58000213,Trade Up to WatchGuard Total Security Suite for Firebox M5800 - 3-Year," $98,785.00 ",Electronic,M-Series,M5800,https://partner.leadersystems.com.au/products.html?+Z5MMmRkrMI=RPkMmgut0U2+6DTMAWTZ5A==bFt4zyQuuFCtLT3GIt95eXMP/hs05oU=
NWG-WGM5901603,WatchGuard High Availability for M590 - 3-Year, $237.60 ,Electronic,M-Series,M590,https://partner.leadersystems.com.au/products.html?VIGKxdpVWYo=8foQUqc3TU3/t32onw2UYw==vR/ACBwG9QEkAGhyMF8S8SV2y6iOAw==
NWG-WGM590000,WatchGuard Firebox M590 Appliance Only," $4,300.00 ",Physical,M-Series,M590,https://partner.leadersystems.com.au/products.html?C55s6H/nLX8=T121u4M04MH9dDK0mxfEnw==lz0ZD5+qhT7OmLknFZNmQjYlaeSO
NWG-WGM5900061,WatchGuard Standard Support for Firebox M590 - 1-Year," $2,280.00 ",Electronic,M-Series,M590,https://partner.leadersystems.com.au/products.html?jMuf2ame8MI=pJPA7pLkCqYUz8+uh9VKsA==tQjxi6a4YUut8ukplPhJ+VjMz2ABqQ==
NWG-WGM5900063,WatchGuard Standard Support for Firebox M590 - 3-Year," $4,040.00 ",Electronic,M-Series,M590,https://partner.leadersystems.com.au/products.html?6p6IxDTIRHQ=AhR1mU8ML9CrYmTKyFHRjQ==OzNQXzvG0/WyVduqW63p8MHQYZwvgw==
NWG-WGM5900071,WatchGuard Basic Security Suite for Firebox M590 - 1-Year," $3,710.00 ",Electronic,M-Series,M590,https://partner.leadersystems.com.au/products.html?jnS2xhVu5Ps=PU3iqby58+UKKXFi2+TSIQ==9pEUCvOaMl/5tjYcjDgOB9NqfR9FDA==
NWG-WGM5900073,WatchGuard Basic Security Suite for Firebox M590 - 3-Year," $8,535.00 ",Electronic,M-Series,M590,https://partner.leadersystems.com.au/products.html?aKKVYQV1cTQ=oKpXU9OQ1baRmiQ1JfIKTg==GM1MuMBHA7FjtlVLqBX5EZKypP5rBA==
NWG-WGM5900081,WatchGuard Total Security Suite for Firebox M590 - 1-Year," $6,950.00 ",Electronic,M-Series,M590,https://partner.leadersystems.com.au/products.html?srBFOwURqYY=uJXo5hVYuyD909KazPZbqQ==8Jo3HiYy8epZdTWWOU5G5VNVcjzB+Q==
NWG-WGM5900083,WatchGuard Total Security Suite for Firebox M590 - 3-Year," $16,235.00 ",Electronic,M-Series,M590,https://partner.leadersystems.com.au/products.html?8tRCszfyyd4=IuJCeo1a1OFxke5hW0zmlg==m3MfCqR3ivUCd8Lep0j0F+R6R9y2gA==
NWG-WGM5900203,Trade Up to WatchGuard Basic Security Suite for Firebox M590 - 3-Year," $6,885.00 ",Electronic,M-Series,M590,https://partner.leadersystems.com.au/products.html?L65sFjlivm8=8zCw/FYrhJ0u9IVTvprNUQ==tGWUUTR2Ha7QPyoWZwKuB3ulhgLlbw==
NWG-WGM5900211,Trade Up to WatchGuard Total Security Suite for Firebox M590 - 1-Year," $5,310.00 ",Electronic,M-Series,M590,https://partner.leadersystems.com.au/products.html?ltzAT2j/Mfo=YqVQCCRYkPtfS0127f/f+w==E1yfUv7Y/6BgtkoKldL9GcYNle6K3A==
NWG-WGM5900213,Trade Up to WatchGuard Total Security Suite for Firebox M590 - 3-Year," $14,555.00 ",Electronic,M-Series,M590,https://partner.leadersystems.com.au/products.html?gr7lubBbjZc=fOcC+gtPQkRfzj2xNfImQw==0/SrQziszV53YVKMpoE4B5MRBuimOg==
NWG-WGM5901601,WatchGuard High Availability for M590 - 1-Year, $99.00 ,Electronic,M-Series,M590,https://partner.leadersystems.com.au/products.html?zDbOnrIeBSg=AroDXST96NlZghi43RqTyA==H2aCiTIUDdgtfF2FEwoLKxkA353+bw==
NWG-WGM595000,WatchGuard Firebox M595 Appliance Only," $3,200.00 ",Physical,M-Series,M595,https://partner.leadersystems.com.au/products.html?FG2/9d1bwx8=imU52ROCT3CK/AvyrrFUug==l0Bdq8vVdts0m+Tkm4ThwbcOKUed
NWG-WGM5950061,WatchGuard Standard Support for Firebox M595 - 1-Year," $8,380.00 ",Electronic,M-Series,M595,https://partner.leadersystems.com.au/products.html?h2ITLs8vIgg=QQgpSrDKYpjLasP4HatJPQ==Xm15E4IfxlbWB1YsvWyC+yLFqfjo+w==
NWG-WGM5950063,WatchGuard Standard Support for Firebox M595 - 3-Year," $13,650.00 ",Electronic,M-Series,M595,https://partner.leadersystems.com.au/products.html?hcFg7YvTGNw=u/E7EC3MwZ1YHjOD98aAGg==3bFESNwNus4XVLdOuF5TfpyqsnFn8w==
NWG-WGM5950071,WatchGuard Basic Security Suite for Firebox M595 - 1-Year," $10,870.00 ",Electronic,M-Series,M595,https://partner.leadersystems.com.au/products.html?RaI9q4KaQvo=yam8m7ITPd3TwctWyoM75w==3wNtm3cYLPZiaMAiq17htaLFcahE4g==
NWG-WGM5950073,WatchGuard Basic Security Suite for Firebox M595 - 3-Year," $19,340.00 ",Electronic,M-Series,M595,https://partner.leadersystems.com.au/products.html?6talRtuivEE=Dmh/qheINDlzwobWDnqC7A==8fGcmS/rex8sa6y13en1iyHM5w2M+A==
NWG-WGM5950081,WatchGuard Total Security Suite for Firebox M595 - 1-Year," $16,570.00 ",Electronic,M-Series,M595,https://partner.leadersystems.com.au/products.html?YIIcfeklFvQ=ar8aewU+P95Qzj7ly7gWXA==iM6KtJNlqycp/HZSW/BgvxvJzVOJtg==
NWG-WGM5950083,WatchGuard Total Security Suite for Firebox M595 - 3-Year," $32,870.00 ",Electronic,M-Series,M595,https://partner.leadersystems.com.au/products.html?dC1dGlsMmfo=d9Wq+KxtlzbRaYPjKPjGag==Nb4mmlNGaeZOkSnvdaKWi5dj53bBww==
NWG-WGM5950203,Trade Up to WatchGuard Basic Security Suite for Firebox M595 - 3-Year," $18,220.00 ",Electronic,M-Series,M595,https://partner.leadersystems.com.au/products.html?aJsUA9Kf3X0=4toxcZJIU98qYu0R/sDdEQ==mtqXmsALvjswBC3r8+QdERfTqy3eeA==
NWG-WGM5950211,Trade Up to WatchGuard Total Security Suite for Firebox M595 - 1-Year," $15,580.00 ",Electronic,M-Series,M595,https://partner.leadersystems.com.au/products.html?iwDiu2841oc=NN8gYF841ttpaf9y3xT9hg==p3V2RhxaqvuvaKe1C5acLAxx7J1jSA==
NWG-WGM5950213,Trade Up to WatchGuard Total Security Suite for Firebox M595 - 3-Year," $31,070.00 ",Electronic,M-Series,M595,https://partner.leadersystems.com.au/products.html?e1LwgmfMPHs=hFEJzR3rT07t3F0VR6ZoVg==pt5N80iUJGZaJz1cvNPMMoHXdb0JBw==
NWG-WGM5951601,WatchGuard High Availability for M595 - 1-Year," $2,590.00 ",Electronic,M-Series,M595,https://partner.leadersystems.com.au/products.html?CiQzCSO0CyU=6j/A7sUrcJ0dDKm4JqwH/g==q1EwEe/McQJo0BC9IOGvGdgZRyahNw==
NWG-WGM5951603,WatchGuard High Availability for M595 - 3-Year," $6,910.00 ",Electronic,M-Series,M595,https://partner.leadersystems.com.au/products.html?6nzyBzFgtRY=5uSH6chuUj9IVzTR3YACjg==tBXmNfeP91FjCabaHiujZFWYx6Iz2g==
NWG-WGM6901603,WatchGuard High Availability for M690 - 3-Year, $237.60 ,Electronic,M-Series,M690,https://partner.leadersystems.com.au/products.html?xfxFHJE9Vmo=Ioto/3SzINvgQbzoRqD/bQ==F6C6N3HYaXrWCkhquPNxHkoz5RJeNw==
NWG-WGM690000,WatchGuard Firebox M690 Appliance Only," $5,965.00 ",Physical,M-Series,M690,https://partner.leadersystems.com.au/products.html?sgdg0DBNHxM=pPpXkdn4azUBJbqXbYa71Q==v+AFbExpN5GrWKNA8JG44EPWWbUy
NWG-WGM6900061,WatchGuard Standard Support for Firebox M690 - 1-Year," $3,175.00 ",Electronic,M-Series,M690,https://partner.leadersystems.com.au/products.html?Nf4N0ckH9Ww=b+2NMOIdR7hvG74Y2GV4Yw==9rIU3ffTQ3jPo3C40+pqVmaudXKUNQ==
NWG-WGM6900063,WatchGuard Standard Support for Firebox M690 - 3-Year," $5,620.00 ",Electronic,M-Series,M690,https://partner.leadersystems.com.au/products.html?y6z5SQ3ybiQ=jUeuf5QmnjvSAjxxsiwzdg==shZZ9Gl4H4IYO5ywciWz8drvDZv5lw==
NWG-WGM6900071,WatchGuard Basic Security Suite for Firebox M690 - 1-Year," $5,150.00 ",Electronic,M-Series,M690,https://partner.leadersystems.com.au/products.html?DZ7o0KMnrQY=wSAag9uNr1AvLBgrgfSQWA==OkZQi/OIALaWu8DQh0yct6g0OWu4bw==
NWG-WGM6900073,WatchGuard Basic Security Suite for Firebox M690 - 3-Year," $11,850.00 ",Electronic,M-Series,M690,https://partner.leadersystems.com.au/products.html?1ZpxRjOI2C8=q6Opjnp7Kq5GS0dRp5PQRQ==dV/oXcIRawBNx2Abr6uAX0YIsUx1jg==
NWG-WGM6900081,WatchGuard Total Security Suite for Firebox M690 - 1-Year," $9,655.00 ",Electronic,M-Series,M690,https://partner.leadersystems.com.au/products.html?cn/fSH6vt9k=FqXe9jOV7XPnermXuKTkJg==q6bq3Tn0uBwQnwsV1ge7WTo27ae+hQ==
NWG-WGM6900083,WatchGuard Total Security Suite for Firebox M690 - 3-Year," $22,540.00 ",Electronic,M-Series,M690,https://partner.leadersystems.com.au/products.html?guIp6TLlUC8=osAuCymJ7JbqjaJiVF8Tpg==xlaoaenBzFEjjFIFxcHjMrW8+TlUZQ==
NWG-WGM6900203,Trade Up to WatchGuard Basic Security Suite for Firebox M690 - 3-Year," $9,560.00 ",Electronic,M-Series,M690,https://partner.leadersystems.com.au/products.html?jocBsn6cikA=dnyhlOvRBkGuFJ0rRnrpLg==YxDyNgMVo4A4NXHZfba10Vm08nQHxQ==
NWG-WGM6900211,Trade Up to WatchGuard Total Security Suite for Firebox M690 - 1-Year," $7,375.00 ",Electronic,M-Series,M690,https://partner.leadersystems.com.au/products.html?YtWx6i5lHZM=tKNLwoTiP9Ci5SPGu0HAFw==WI1Qvoz7Z1Lb/U0qyEvgTZfkNLjUwA==
NWG-WGM6900213,Trade Up to WatchGuard Total Security Suite for Firebox M690 - 3-Year," $20,205.00 ",Electronic,M-Series,M690,https://partner.leadersystems.com.au/products.html?/ppZCZBjgq8=i3bXf01yWrlRWYNxb1VM8w==WtMvm8a5zSMkUn2sD1BpIKN0kVCq2A==
NWG-WGM6901601,WatchGuard High Availability for M690 - 1-Year, $99.00 ,Electronic,M-Series,M690,https://partner.leadersystems.com.au/products.html?0ZoqTVoCXdY=ujQ5OH0Y/Yf/I2+96Adc6Q==enotJd3FTvUVeVMvN6a218In5QbVdQ==
NWG-WGM695000,WatchGuard Firebox M695 Appliance Only," $4,400.00 ",Physical,M-Series,M695,https://partner.leadersystems.com.au/products.html?K7jy+DvBHgc=3VijDG9OPg48Mm8t0qME7w==vxJvfRTsFWKV7azd4pJj2RRpCM1J
NWG-WGM6950061,WatchGuard Standard Support for Firebox M695 - 1-Year," $10,690.00 ",Electronic,M-Series,M695,https://partner.leadersystems.com.au/products.html?Sq2Min20MtY=khjdnVi4/4StfMWZ9K9lrg==Qb1AX5AtPTTR9ZAV9y7UTNoaefZ8pA==
NWG-WGM6950063,WatchGuard Standard Support for Firebox M695 - 3-Year," $17,640.00 ",Electronic,M-Series,M695,https://partner.leadersystems.com.au/products.html?NJhJKXcm+aU=N7ud8ysDIa8A1AbP0gA7dw==B7AOuwFvjM1ZKMVpw4SfGbFYE5yGCg==
NWG-WGM6950071,WatchGuard Basic Security Suite for Firebox M695 - 1-Year," $13,950.00 ",Electronic,M-Series,M695,https://partner.leadersystems.com.au/products.html?weks/XnqEjA=PRN0GldEZsMPoo5N3drzeA==47K9OBRvGWoY5lmunVasCzXK+3BZuQ==
NWG-WGM6950073,WatchGuard Basic Security Suite for Firebox M695 - 3-Year," $25,010.00 ",Electronic,M-Series,M695,https://partner.leadersystems.com.au/products.html?xmIhH/SRaMY=7RjbVNiRfdm7ttSkO0aOEQ==rEwTSnpfuHsK6/ecdwi/ATybjt8EGg==
NWG-WGM6950081,WatchGuard Total Security Suite for Firebox M695 - 1-Year," $21,380.00 ",Electronic,M-Series,M695,https://partner.leadersystems.com.au/products.html?ASTXcR9aAgI=xLY3CKxxTBI4qq4iHCQhmg==phcjxrk2eXANzZsyv3AcpyOSPbK39w==
NWG-WGM6950083,WatchGuard Total Security Suite for Firebox M695 - 3-Year," $42,640.00 ",Electronic,M-Series,M695,https://partner.leadersystems.com.au/products.html?+t3XVwaf2ss=oqZKlTACttytm1KrywMv1w==xV/7Ee6XwxE2Qe339t3bt/pUOA0sDQ==
NWG-WGM6950203,Trade Up to WatchGuard Basic Security Suite for Firebox M695 - 3-Year," $23,540.00 ",Electronic,M-Series,M695,https://partner.leadersystems.com.au/products.html?RsXEMyRLKDE=1BaeCSscp56Vi+L1zVqH6Q==U0KrAUjP5H0+v81E77c0c1Y3CL5r0A==
NWG-WGM6950211,Trade Up to WatchGuard Total Security Suite for Firebox M695 - 1-Year," $20,090.00 ",Electronic,M-Series,M695,https://partner.leadersystems.com.au/products.html?NsLJIDISXl4=TqebofJjG4ImpsQLL/sc3Q==WRrJODfz5/d6IDmd0X8SJkoL3L1sCw==
NWG-WGM6950213,Trade Up to WatchGuard Total Security Suite for Firebox M695 - 3-Year," $40,290.00 ",Electronic,M-Series,M695,https://partner.leadersystems.com.au/products.html?NQzgKoc+Sus=5E1i3zgsDxqzJqMS/PLmyQ==yn8amugyHfECR2X1KyS0+W50QlrX2w==
NWG-WGM6951601,WatchGuard High Availability for M695 - 1-Year," $3,150.00 ",Electronic,M-Series,M695,https://partner.leadersystems.com.au/products.html?tDg+PzKQgXs=EmPPGbEi0RkoGLL4c12s7A==mP708qI3QktGfti8sZuqka8LQTURJQ==
NWG-WGM6951603,WatchGuard High Availability for M695 - 3-Year," $8,820.00 ",Electronic,M-Series,M695,https://partner.leadersystems.com.au/products.html?SzC3fAFwqRg=MBlMTPWiYX2zcGT9aCPv6w==iJWFU0o2l21e3TNqop+cyEp4a1ZPEA==
NWG-WGT116000,WatchGuard Firebox T115-W Appliance Only, $220.00 ,Physical,T-Series,T115-W,https://partner.leadersystems.com.au/products.html?+i6HO7kKXsI=bcqpDp2O5kUC0433hv2qvg==0iZad6QcJowHs9kG2PvwRLyJulsl
NWG-WGT1160061,WatchGuard Standard Support for Firebox T115-W - 1-Year, $380.00 ,Electronic,T-Series,T115-W,https://partner.leadersystems.com.au/products.html?vF5CKb8l2+8=G8umoZg3Bb1xojB/bOrkDg==boJCR/sYXTeFp0OfiLjSlDo48lSO+A==
NWG-WGT1160063,WatchGuard Standard Support for Firebox T115-W - 3-Year, $680.00 ,Electronic,T-Series,T115-W,https://partner.leadersystems.com.au/products.html?/5/gbZkItl8=OwsPI0RqksFxnq7Otjg4Gg==PhAjMjZOSsjSL3MUFJQwn3qFPn/nBQ==
NWG-WGT1160065,WatchGuard Standard Support for Firebox T115-W - 5-Year, $980.00 ,Electronic,T-Series,T115-W,https://partner.leadersystems.com.au/products.html?N7HxjmfOldE=EEIwmiKvO1e25fFSP6H80g==WGtmZOVqDd1OE6P1YQDTnGVAt/7jEA==
NWG-WGT1160071,WatchGuard Basic Security Suite for Firebox T115-W - 1-Year, $510.00 ,Electronic,T-Series,T115-W,https://partner.leadersystems.com.au/products.html?cP7WkOSIb/8=sayqb6PI4LNC0YYydc29Rw==ZyxSZnVlqddf+7YCLqa6X8BnzlURCw==
NWG-WGT1160073,WatchGuard Basic Security Suite for Firebox T115-W - 3-Year, $930.00 ,Electronic,T-Series,T115-W,https://partner.leadersystems.com.au/products.html?q1DYXqHUL54=yY6WJktrzwclb8oWmrkqdQ==HKU4AddGlRu8nsTxOVIxN96WcXrQbQ==
NWG-WGT1160075,WatchGuard Basic Security Suite for Firebox T115-W - 5-Year," $1,680.00 ",Electronic,T-Series,T115-W,https://partner.leadersystems.com.au/products.html?iQzOQLPd+n4=c3Ovnqifdt/oqkNyrfP15Q==6lfmhncT/kJ8csH4ghju6tQnzXKFcw==
NWG-WGT1160081,WatchGuard Total Security Suite for Firebox T115-W - 1-Year, $830.00 ,Electronic,T-Series,T115-W,https://partner.leadersystems.com.au/products.html?y1bYvIwYBlM=z8Ys2x0NIWeZ9FXmuwszhw==cF3uRNnSYPrzAxZjjTZHs542L62zXQ==
NWG-WGT1160083,WatchGuard Total Security Suite for Firebox T115-W - 3-Year," $1,560.00 ",Electronic,T-Series,T115-W,https://partner.leadersystems.com.au/products.html?PSp0J5epznU=WRe0PAecLo89s3bbEUDyLw==8dG0gYdYr8tZfwDO/E2uC9eVgd8fKg==
NWG-WGT1160085,WatchGuard Total Security Suite for Firebox T115-W - 5-Year," $2,810.00 ",Electronic,T-Series,T115-W,https://partner.leadersystems.com.au/products.html?BsnWPZANmBI=V4oA9pPQsdFJ5A4BY1X4BA==4HNe9GjCwPoiHHzSezG4ZbuiGDIUbw==
NWG-WGT1160203,Trade Up to WatchGuard Basic Security Suite for Firebox T115-W - 3-Year, $870.00 ,Electronic,T-Series,T115-W,https://partner.leadersystems.com.au/products.html?1e7+uCozgMQ=MZriKfaY32bLjB4r7m6GvA==y+7enGS5zmKhMxSjP4KcNuoS54ga5g==
NWG-WGT1160205,Trade Up to WatchGuard Basic Security Suite for Firebox T115-W - 5-Year," $1,580.00 ",Electronic,T-Series,T115-W,https://partner.leadersystems.com.au/products.html?zA4cGWdJPuI=wUwc2LsV6foG6+zTTZVxow==TfhTtZ5O4mHsTVr80CSaGlZGQdtH2g==
NWG-WGT1160211,Trade Up to WatchGuard Total Security Suite for Firebox T115-W - 1-Year, $790.00 ,Electronic,T-Series,T115-W,https://partner.leadersystems.com.au/products.html?M8mb9FQjYIQ=iyIhAhUPMCZtdv6VtRDZ0Q==f8r6EAkW6X7GF83PfBZpp/Xe/E1vjQ==
NWG-WGT1160213,Trade Up to WatchGuard Total Security Suite for Firebox T115-W - 3-Year," $1,470.00 ",Electronic,T-Series,T115-W,https://partner.leadersystems.com.au/products.html?Ip713lqdlvo=5Q7GlxD0OGD7sY9j3blwjw==aQYRDj0FyjPs+8LTTRqSDunCCUPusQ==
NWG-WGT1160215,Trade Up to WatchGuard Total Security Suite for Firebox T115-W - 5-Year," $2,660.00 ",Electronic,T-Series,T115-W,https://partner.leadersystems.com.au/products.html?wHmMfC0jFPE=sNJ4q9xaY1UfNoh5+mBP0A==JSmLrHrTWNs4gGbLGeHVLk7XIQeM6A==
NWG-WGT125000,WatchGuard Firebox T125 Appliance Only, $260.00 ,Physical,T-Series,T125,https://partner.leadersystems.com.au/products.html?6eWCO27Ee4o=9Lof2Sw9i+1b11c13Zn2Iw==JNCR50rfWpB7Z3FqVThNGmztr9qy
NWG-WGT1250061,WatchGuard Standard Support for Firebox T125 - 1-Year, $380.00 ,Electronic,T-Series,T125,https://partner.leadersystems.com.au/products.html?nWCdg+YfdE4=giJiDX/4dd+X8ICsVnno2w==oY/KlTG4ComF/ghL5UW4+x0dV9mk5w==
NWG-WGT1250063,WatchGuard Standard Support for Firebox T125 - 3-Year, $710.00 ,Electronic,T-Series,T125,https://partner.leadersystems.com.au/products.html?whqn4bruNK4=sxu+hNAAtZq+I7mi4BNFIw==+YHsiz+rDjOpmzSsNlPK5zAovkyVew==
NWG-WGT1250065,WatchGuard Standard Support for Firebox T125 - 5-Year," $1,040.00 ",Electronic,T-Series,T125,https://partner.leadersystems.com.au/products.html?Z+i01K6/ExI=V9muVDnNiLbXBG8df8ZuaA==UEVNSHKup8f5+yVjbMDQawJvrkSBGQ==
NWG-WGT1250071,WatchGuard Basic Security Suite for Firebox T125 - 1-Year, $525.00 ,Electronic,T-Series,T125,https://partner.leadersystems.com.au/products.html?kN+bq3oSZvM=+ZQ1yq7sC+fILfgj3ehGgA==12TNFp6yyYnmOYjxCbaDJaJOerP+fQ==
NWG-WGT1250073,WatchGuard Basic Security Suite for Firebox T125 - 3-Year, $985.00 ,Electronic,T-Series,T125,https://partner.leadersystems.com.au/products.html?Xv/glQ7AhZA=wirhL+t8nUNH/w4z3rMVKA==e8sb6Jzafhdz4Ik0qHXcxB3fobIdfw==
NWG-WGT1250075,WatchGuard Basic Security Suite for Firebox T125 - 5-Year," $1,790.00 ",Electronic,T-Series,T125,https://partner.leadersystems.com.au/products.html?2GFY6tcwOag=JAJKL+Kg+mwaeZewG4lPbA==mlrnR1S2jiszsKjfwfJlSF+rZf8KlA==
NWG-WGT1250081,WatchGuard Total Security Suite for Firebox T125 - 1-Year, $875.00 ,Electronic,T-Series,T125,https://partner.leadersystems.com.au/products.html?J0sYJnsJBe0=bScBMHoUDhA5AUK026DeLg==CjOVEZAfgOT612orZlRsf0R6fEon+Q==
NWG-WGT1250083,WatchGuard Total Security Suite for Firebox T125 - 3-Year," $1,665.00 ",Electronic,T-Series,T125,https://partner.leadersystems.com.au/products.html?pzYVxLLcV1M=GIO9z4AtQy/l1OOAIY7/rg==FrEtgpFQ4RfkDqdiyZ8BK8KVBraUjQ==
NWG-WGT1250085,WatchGuard Total Security Suite for Firebox T125 - 5-Year," $3,020.00 ",Electronic,T-Series,T125,https://partner.leadersystems.com.au/products.html?Q0eeAXboTYE=ycjaHZmHVR1bB3Pof0UDCQ==n5ay+NWyQdnekT4w2uoh0khQiRaEag==
NWG-WGT1250203,Trade Up to WatchGuard Basic Security Suite for Firebox T125 - 3-Year, $930.00 ,Electronic,T-Series,T125,https://partner.leadersystems.com.au/products.html?sGZoN6mnc+c=ZQR7FYGzVePMX+cRNFfDEA==DMayouM1+E5sLyoTLNmUjMQyEaUyLA==
NWG-WGT1250205,Trade Up to WatchGuard Basic Security Suite for Firebox T125 - 5-Year," $1,690.00 ",Electronic,T-Series,T125,https://partner.leadersystems.com.au/products.html?fSqNauOcc4U=AycWgOimwF5Yy4boC8IjkA==zoubQPNP/nCN34F7+J3HoYR2NmyDlw==
NWG-WGT1250211,Trade Up to WatchGuard Total Security Suite for Firebox T125 - 1-Year, $820.00 ,Electronic,T-Series,T125,https://partner.leadersystems.com.au/products.html?SqcizBMclss=EahkpduvUgMrZe88zLtYSg==z7EtSfvQPooW85PIScJmVIsQ0TaPyQ==
NWG-WGT1250213,Trade Up to WatchGuard Total Security Suite for Firebox T125 - 3-Year," $1,580.00 ",Electronic,T-Series,T125,https://partner.leadersystems.com.au/products.html?/IO0L/2ZuTY=4u5DPyPutWWX2xrvsvgUhg==zpvAmfcYmol9Fa/ou5TC8ZnXLQwXjA==
NWG-WGT1250215,Trade Up to WatchGuard Total Security Suite for Firebox T125 - 5-Year," $2,870.00 ",Electronic,T-Series,T125,https://partner.leadersystems.com.au/products.html?iIMy+jAjNp8=YXr0zFixD6rbEUgPjmTsVg==Kz9MNiNb/6FEE3mR+coByzu8cYeVrg==
NWG-WGT126000,WatchGuard Firebox T125-W Appliance Only, $300.00 ,Physical,T-Series,T125-W,https://partner.leadersystems.com.au/products.html?SdLcAVG/IYw=sUlrEpBkC2u6sBJSRtIfPQ==r34O4D2tYHsakngY+Dsr4fVUa4r3
NWG-WGT1260061,WatchGuard Standard Support for Firebox T125-W - 1-Year, $470.00 ,Electronic,T-Series,T125-W,https://partner.leadersystems.com.au/products.html?XrEljqQPHkg=ZoTjvpQE5ipFRPYNEamNEg==GFINflc/dF8ZjJVJ27Q53mUB2SMSuw==
NWG-WGT1260063,WatchGuard Standard Support for Firebox T125-W - 3-Year, $870.00 ,Electronic,T-Series,T125-W,https://partner.leadersystems.com.au/products.html?VI/6kgxeyKs=U62i48tFVJzM1WUipj8v1g==Vuy7BulcBw1XidvPaVJuCVNbWC2ClQ==
NWG-WGT1260065,WatchGuard Standard Support for Firebox T125-W - 5-Year," $1,270.00 ",Electronic,T-Series,T125-W,https://partner.leadersystems.com.au/products.html?lf1x3iDZAIw=CzDEelilO+ngOhYJzRhLzA==zCmJXXOOhnRItWgO3L+RUy24joht8Q==
NWG-WGT1260071,WatchGuard Basic Security Suite for Firebox T125-W - 1-Year, $650.00 ,Electronic,T-Series,T125-W,https://partner.leadersystems.com.au/products.html?jxSRiK5ieDE=b30GQIPUZDF4l7LK2Iyd2Q==L0IdFwZWn3/Mw1+8MARh9ShWeHWpRg==
NWG-WGT1260073,WatchGuard Basic Security Suite for Firebox T125-W - 3-Year," $1,200.00 ",Electronic,T-Series,T125-W,https://partner.leadersystems.com.au/products.html?mv7jbuPoZ2Q=jRx8EG5LOQCgGZGP+rj5ew==R8xpt5YhhOJcmrsnf6/R27xj8EvJEw==
NWG-WGT1260075,WatchGuard Basic Security Suite for Firebox T125-W - 5-Year," $2,170.00 ",Electronic,T-Series,T125-W,https://partner.leadersystems.com.au/products.html?gVAot7MLQAY=9blqX2Vrup0Y8L4OIaq2XQ==Ju3+HrNTzll60SCSooTEX08xAmU3XA==
NWG-WGT1260081,WatchGuard Total Security Suite for Firebox T125-W - 1-Year," $1,070.00 ",Electronic,T-Series,T125-W,https://partner.leadersystems.com.au/products.html?a1nDfD2PCVQ=RBi5P6qmLVze/HlB6Oy0Kg==l/EKvSBjJRUXIfrXikPDAY9rG0Fvdw==
NWG-WGT1260083,WatchGuard Total Security Suite for Firebox T125-W - 3-Year," $2,010.00 ",Electronic,T-Series,T125-W,https://partner.leadersystems.com.au/products.html?HZvdaAHISI0=91GxLw0nFSmh4CmMO8izZg==EBmPeX9S6JHH4ewf9OAKDSRRfNQ9xg==
NWG-WGT1260085,WatchGuard Total Security Suite for Firebox T125-W - 5-Year," $3,640.00 ",Electronic,T-Series,T125-W,https://partner.leadersystems.com.au/products.html?c8/9k1HR9xE=ieauQwh7o0Y/oaHiKSIeSw==T7DMbhNuyCpeEqBZ/PDG1s1rLA6EzQ==
NWG-WGT1260203,Trade Up to WatchGuard Basic Security Suite for Firebox T125-W - 3-Year," $1,130.00 ",Electronic,T-Series,T125-W,https://partner.leadersystems.com.au/products.html?MELwDh/14Sk=Z8NZa1UiwW6paMysoOxl+g==CqkaKfH/vq/UOogdsZT/Fvgr3zZKgQ==
NWG-WGT1260205,Trade Up to WatchGuard Basic Security Suite for Firebox T125-W - 5-Year," $2,050.00 ",Electronic,T-Series,T125-W,https://partner.leadersystems.com.au/products.html?bSY/WTMAabA=AnoyL9RBj/YxG0k9m1BjuA==DZjp6BHNFmul6WkhtZB6RzqWRvo9uw==
NWG-WGT1260211,Trade Up to WatchGuard Total Security Suite for Firebox T125-W - 1-Year," $1,000.00 ",Electronic,T-Series,T125-W,https://partner.leadersystems.com.au/products.html?cykG5HLSvDA=5FIX977/007Ty6JA6MLyEw==Ce/LdgeUxsD6WjlCoFHBvnFk1LbS4w==
NWG-WGT1260213,Trade Up to WatchGuard Total Security Suite for Firebox T125-W - 3-Year," $1,900.00 ",Electronic,T-Series,T125-W,https://partner.leadersystems.com.au/products.html?ZUXHFyAdsZs=8FEyIxYyDwlXjNOGYKFwVg==O+b8Gb8CD//3Qh0VtwmxjaVxjUlO7w==
NWG-WGT1260215,Trade Up to WatchGuard Total Security Suite for Firebox T125-W - 5-Year," $3,440.00 ",Electronic,T-Series,T125-W,https://partner.leadersystems.com.au/products.html?whOFJjx8plU=HnVrfrmI55UBIq/1bVRkSQ==ZrFWeDM+ikrfDnZHw5SQFExQEPPkwQ==
NWG-WGT145000,WatchGuard Firebox T145 Appliance Only, $395.00 ,Physical,T-Series,T145,https://partner.leadersystems.com.au/products.html?PZFtf5v+W2U=XcnwhxE9RNTwfmsBZseWTQ==dr9PBwbcTUKTNCHMWCKS7FcYiIKe
NWG-WGT1450061,WatchGuard Standard Support for Firebox T145 - 1-Year, $675.00 ,Electronic,T-Series,T145,https://partner.leadersystems.com.au/products.html?ZAXxCdvmH1U=ew3Zo8v5P17f+YM0sa4ubg==N7/2H67YEaikZegSujLxGKwKHgMrOA==
NWG-WGT1450063,WatchGuard Standard Support for Firebox T145 - 3-Year," $1,200.00 ",Electronic,T-Series,T145,https://partner.leadersystems.com.au/products.html?PtGkANxv2dU=qfhIZOpjp2+/CASDjB+NdQ==cjCtQqiTtlckrZK5ZkbDIRSjsRQ1wA==
NWG-WGT1450065,WatchGuard Standard Support for Firebox T145 - 5-Year," $1,795.00 ",Electronic,T-Series,T145,https://partner.leadersystems.com.au/products.html?19f3Guxfhuw=YxIJ6gCVF7nPdxOzPRlmnQ==M2wdkq0I573nAfa1iUJ1zscJ50p2zA==
NWG-WGT1450071,WatchGuard Basic Security Suite for Firebox T145 - 1-Year, $905.00 ,Electronic,T-Series,T145,https://partner.leadersystems.com.au/products.html?4Jm+CeV8iaI=ojq0zXMVLJxvBOJGQV+uvg==hFlLUBecFqgKxHd7i2lx2Te/T9THpg==
NWG-WGT1450073,WatchGuard Basic Security Suite for Firebox T145 - 3-Year," $1,675.00 ",Electronic,T-Series,T145,https://partner.leadersystems.com.au/products.html?hWyfcOdfR1Q=eYwb7rePiHWaZEVWExu+lw==xJrX6mJaKdhJsJWXft47CNOWBzBdBw==
NWG-WGT1450075,WatchGuard Basic Security Suite for Firebox T145 - 5-Year," $3,030.00 ",Electronic,T-Series,T145,https://partner.leadersystems.com.au/products.html?kPzfHXUkO9A=Pa4lCrneNw8uoo5v4G8xkA==+K02JPGJmLSXhQGEDZTejwrtQQQ6gQ==
NWG-WGT1450081,WatchGuard Total Security Suite for Firebox T145 - 1-Year," $1,420.00 ",Electronic,T-Series,T145,https://partner.leadersystems.com.au/products.html?a5kXN0CX1Vc=UJ29tyQr6qBWoQ7aFpTBbQ==iB5UbekuYkEYXJXg8YRVThZAFT5Zow==
NWG-WGT1450083,WatchGuard Total Security Suite for Firebox T145 - 3-Year," $2,830.00 ",Electronic,T-Series,T145,https://partner.leadersystems.com.au/products.html?QC5c7CkyJOA=IK26srw1kJlIBxJ8l19ffA==FjwnMZ0zLB/pl0OibrHL+E0uXxD1dQ==
NWG-WGT1450085,WatchGuard Total Security Suite for Firebox T145 - 5-Year," $5,150.00 ",Electronic,T-Series,T145,https://partner.leadersystems.com.au/products.html?FgYzhuDWnz0=ZBj4J05AA2/ROWUV9pX8iA==P1rvgPA//D6xfrjDOYANDPpCqoq3yA==
NWG-WGT1450203,Trade Up to WatchGuard Basic Security Suite for Firebox T145 - 3-Year," $1,575.00 ",Electronic,T-Series,T145,https://partner.leadersystems.com.au/products.html?xLNZ9USn650=EHGXS+KVWaXPEIsDlF9U7A==jGYAHnx376gGlbP4TvFkbetVYieXGQ==
NWG-WGT1450205,Trade Up to WatchGuard Basic Security Suite for Firebox T145 - 5-Year," $2,865.00 ",Electronic,T-Series,T145,https://partner.leadersystems.com.au/products.html?Qc7Kj/Uolrk=DioeiDAyq810w930204usw==PRwtqrFTZgNnEmbyPwAwhhPmqyqr4g==
NWG-WGT1450211,Trade Up to WatchGuard Total Security Suite for Firebox T145 - 1-Year," $1,335.00 ",Electronic,T-Series,T145,https://partner.leadersystems.com.au/products.html?T7Bdm8pgscs=uep1UsO/e6AbxuTDgCH78w==724Edvp0lBkCko0GPMhh3sqseyX3kQ==
NWG-WGT1450213,Trade Up to WatchGuard Total Security Suite for Firebox T145 - 3-Year," $2,675.00 ",Electronic,T-Series,T145,https://partner.leadersystems.com.au/products.html?nbdcd9m1cr8=7Lu7lMtP9aeUgHkTNNq7NA==R/UAMZA5HHD+f9qvicUP0C8pOKemQg==
NWG-WGT1450215,Trade Up to WatchGuard Total Security Suite for Firebox T145 - 5-Year," $4,875.00 ",Electronic,T-Series,T145,https://partner.leadersystems.com.au/products.html?jxktR2Ml0lU=mx5du7HqxkmCsJgCGdYe3A==SkTNHJ5HRuxIV3Y1cSy5Pz64P7bb6Q==
NWG-WGT146000,WatchGuard Firebox T145-W Appliance Only, $440.00 ,Physical,T-Series,T145-W,https://partner.leadersystems.com.au/products.html?YAJDGj0WfNU=i6GQ54/SlH6vcw811EOWmA==So59XbGcwSifxziR3nUuBZHmBo8e
NWG-WGT1460061,WatchGuard Standard Support for Firebox T145-W - 1-Year, $850.00 ,Electronic,T-Series,T145-W,https://partner.leadersystems.com.au/products.html?v1zqqrrAPKE=931FZw92jz9FGt7dpY+xMg==M91AtVGkdy6fOgEP1a6diFavVNOOUA==
NWG-WGT1460063,WatchGuard Standard Support for Firebox T145-W - 3-Year," $1,480.00 ",Electronic,T-Series,T145-W,https://partner.leadersystems.com.au/products.html?DjeoKmoCgJQ=Ni0wnjC0lo+mV7F3JbGbjg==yAC9+ES/PzbBurZ1Q7+bwo2xhPcROA==
NWG-WGT1460065,WatchGuard Standard Support for Firebox T145-W - 5-Year," $2,190.00 ",Electronic,T-Series,T145-W,https://partner.leadersystems.com.au/products.html?6IVdz4ml7cE=f41Vm5DgLEpu5sg7pqORDA==zlcJwKVs8XtcMikq1fs5hlCApaCiMg==
NWG-WGT1460071,WatchGuard Basic Security Suite for Firebox T145-W - 1-Year," $1,130.00 ",Electronic,T-Series,T145-W,https://partner.leadersystems.com.au/products.html?7RtsgcSnOkY=zMW1R5HoIUOh2KMy4fHF8g==g/4vohFHqEtQYLiO4MXXyirPJA6QSw==
NWG-WGT1460073,WatchGuard Basic Security Suite for Firebox T145-W - 3-Year," $2,050.00 ",Electronic,T-Series,T145-W,https://partner.leadersystems.com.au/products.html?3tSdVsT9rhc=OEKlnVDjogzpLEsSZrRyEA==Gu/v0ZiQEmE++E5KGC7XX4I3MDcS/Q==
NWG-WGT1460075,WatchGuard Basic Security Suite for Firebox T145-W - 5-Year," $3,680.00 ",Electronic,T-Series,T145-W,https://partner.leadersystems.com.au/products.html?gp1llt4GHfc=Pk3qW9RghQ6xCdEZfyTLvg==nLX25CaoM0Ch6r0Y0z3p4+VR1FqVzA==
NWG-WGT1460081,WatchGuard Total Security Suite for Firebox T145-W - 1-Year," $1,740.00 ",Electronic,T-Series,T145-W,https://partner.leadersystems.com.au/products.html?bdnRezrgQkE=0D/H5JzFBeDl/8OiHR8DQg==SD2kPIJc00oTlunto/J6OSj/r5JYuw==
NWG-WGT1460083,WatchGuard Total Security Suite for Firebox T145-W - 3-Year," $3,440.00 ",Electronic,T-Series,T145-W,https://partner.leadersystems.com.au/products.html?dSC5NQ2kUZk=zvuePsjM+EvD0DmwaP7GwA==mCEsoMzc/xd7BwYFSlRZ05G7NZ1uxg==
NWG-WGT1460085,WatchGuard Total Security Suite for Firebox T145-W - 5-Year," $6,220.00 ",Electronic,T-Series,T145-W,https://partner.leadersystems.com.au/products.html?htY61jaSEzs=YYBgXA4nNXGvMgS4kYsIiQ==xDMOGtVKJsbpZ99zGuj+gi1sSIcLIw==
NWG-WGT1460203,Trade Up to WatchGuard Basic Security Suite for Firebox T145-W - 3-Year," $1,930.00 ",Electronic,T-Series,T145-W,https://partner.leadersystems.com.au/products.html?ov90U7JEVzY=8jFMOikICNDi9v0It91S3g==SXEs3YnatVUphvm0yAgjmmbwERmFvA==
NWG-WGT1460205,Trade Up to WatchGuard Basic Security Suite for Firebox T145-W - 5-Year," $3,470.00 ",Electronic,T-Series,T145-W,https://partner.leadersystems.com.au/products.html?79wFfQXRHUg=GmucYrtYWq79goyPRAwVKA==PIrmTAAX3ROqWln/zW9S/nanAEfcgA==
NWG-WGT1460211,Trade Up to WatchGuard Total Security Suite for Firebox T145-W - 1-Year," $1,640.00 ",Electronic,T-Series,T145-W,https://partner.leadersystems.com.au/products.html?/TRs7AJ0ZXU=4hAebPQ6wGjPQ4UnKLRPUQ==jjxdfdavT6P8V7EUaCFhWpM84PDLOQ==
NWG-WGT1460213,Trade Up to WatchGuard Total Security Suite for Firebox T145-W - 3-Year," $3,250.00 ",Electronic,T-Series,T145-W,https://partner.leadersystems.com.au/products.html?C/4tBFOGRjc=gnxq5H3ry1GPPgH60566kA==6bnhg63kl3MJuzHXT1RV18dtkXV7cQ==
NWG-WGT1460215,Trade Up to WatchGuard Total Security Suite for Firebox T145-W - 5-Year," $5,890.00 ",Electronic,T-Series,T145-W,https://partner.leadersystems.com.au/products.html?j4F27yM01HQ=11j6EMWtgIi3A8RnqoJrZg==6rF+cI0zJRs15kEBTs7RL+TmU6H/Eg==
NWG-WGT185000,WatchGuard Firebox T185 Appliance Only, $780.00 ,Physical,T-Series,T185,https://partner.leadersystems.com.au/products.html?XgJTyGqWKSs=RI6mkbQaSNgdTWuw9JoArA==qKuTcjzxDMLaqqxm0jCFk5EK47bQ
NWG-WGT1850061,WatchGuard Standard Support for Firebox T185 - 1-Year," $1,365.00 ",Electronic,T-Series,T185,https://partner.leadersystems.com.au/products.html?EULQuvqf0WA=5+/Of3IuC9tVqDimOlhclg==TqE5QZaGP2UfxOQ2TYrQlebTPG4oGg==
NWG-WGT1850063,WatchGuard Standard Support for Firebox T185 - 3-Year," $2,440.00 ",Electronic,T-Series,T185,https://partner.leadersystems.com.au/products.html?kWLQD/ycQiw=C8XTpv/CuEScTcgNw92BUQ==NonEgILrE+arwE05gH8QLh+lCsMVSQ==
NWG-WGT1850065,WatchGuard Standard Support for Firebox T185 - 5-Year," $4,370.00 ",Electronic,T-Series,T185,https://partner.leadersystems.com.au/products.html?aohDRJuO6Tc=/CQoaIDwsd93BKaZxiPTfA==LFg/YZ7kmHzrc78zqHW8Pj6Au0zlKw==
NWG-WGT1850071,WatchGuard Basic Security Suite for Firebox T185 - 1-Year," $1,820.00 ",Electronic,T-Series,T185,https://partner.leadersystems.com.au/products.html?aXp33ZbZDuk=ZEjqmtLumV0npaDg9PrShw==SyQ3utm04G1W2J00yl80fTgMjJqtlw==
NWG-WGT1850073,WatchGuard Basic Security Suite for Firebox T185 - 3-Year," $3,380.00 ",Electronic,T-Series,T185,https://partner.leadersystems.com.au/products.html?OBMP6GTdnKs=uL5EDaeOq/WQ9BsPXUQq+A==ZWqWnm+le6j/gex5dLebLyEkp4cGag==
NWG-WGT1850075,WatchGuard Basic Security Suite for Firebox T185 - 5-Year," $6,110.00 ",Electronic,T-Series,T185,https://partner.leadersystems.com.au/products.html?sAkoEsw9j8M=VWfs+TbOgYfcvFZ9WNDi6A==V/+7BZTq+EY6hiWXEwos7cfnhTi4uQ==
NWG-WGT1850081,WatchGuard Total Security Suite for Firebox T185 - 1-Year," $3,050.00 ",Electronic,T-Series,T185,https://partner.leadersystems.com.au/products.html?UASpLHW2HPg=4UGtO0ThS9gKAAdujtp22w==VhQEWSpiSrGrUDp4PDZ9cjGipj8EFA==
NWG-WGT1850083,WatchGuard Total Security Suite for Firebox T185 - 3-Year," $5,710.00 ",Electronic,T-Series,T185,https://partner.leadersystems.com.au/products.html?tKhMsK729i8=gCBVswBAQaI82qb9QVDjOw==pMi6R5nPZPSelxedGNQIOb78quHGAA==
NWG-WGT1850085,WatchGuard Total Security Suite for Firebox T185 - 5-Year," $10,375.00 ",Electronic,T-Series,T185,https://partner.leadersystems.com.au/products.html?i94oEVVKjKg=lo81lKQFn7od1+z4BQ5reQ==5N4+10DvfJ3oBoDVc+6e5mvvDZh5wg==
NWG-WGT18501601,WatchGuard  Standard Support for Firebox T185 High Availability - 1-Year, $510.00 ,Electronic,T-Series,T185,https://partner.leadersystems.com.au/products.html?z0oNz6dUarg=sSKqsxpRdZnIyzQc14hHng==R63zSMQnM4Jx4zzkFvXF3vZZc5k13NI=
NWG-WGT18501603,WatchGuard  Standard Support for Firebox T185 High Availability - 3-Year," $1,155.00 ",Electronic,T-Series,T185,https://partner.leadersystems.com.au/products.html?RapMXRmSsd8=AHnReaXQ9uO/jMolLKvM3A==kQ+rugl3UufjrS1AcvedI6bxGVP+8tk=
NWG-WGT18501605,WatchGuard  Standard Support for Firebox T185 High Availability - 5-Year," $2,320.00 ",Electronic,T-Series,T185,https://partner.leadersystems.com.au/products.html?LwAgbvWHlaE=M9GBLGMCUbHTzQHKRISWow==mGXu8LDttsWK2C7hhZmb6L0sfuntH10=
NWG-WGT1850203,Trade Up to WatchGuard Basic Security Suite for Firebox T185 - 3-Year," $3,180.00 ",Electronic,T-Series,T185,https://partner.leadersystems.com.au/products.html?T3Ib4wsE1d4=A+dOGFBFNYaSqHNfZ67DmA==7/kwEEBqAd9r+yKSqXF8Bf5edvPn8Q==
NWG-WGT1850205,Trade Up to WatchGuard Basic Security Suite for Firebox T185 - 5-Year," $5,770.00 ",Electronic,T-Series,T185,https://partner.leadersystems.com.au/products.html?Sj9fYg8lDEY=YZHUJDijxn8IwLHOv7oncA==QedTvwr0rCOyGt2MsbZMIfHCRg6yVw==
NWG-WGT1850211,Trade Up to WatchGuard Total Security Suite for Firebox T185 - 1-Year," $2,870.00 ",Electronic,T-Series,T185,https://partner.leadersystems.com.au/products.html?iW6SyofjZTs=TLaqz5FO18fbJ8a7ejKLPw==W6AVBYpW8HVVsFvlcAFxGO6oxW88zA==
NWG-WGT1850213,Trade Up to WatchGuard Total Security Suite for Firebox T185 - 3-Year," $5,400.00 ",Electronic,T-Series,T185,https://partner.leadersystems.com.au/products.html?ajTdyqeuKy8=SGm9moaQYoyQ+u5UnIaTjQ==Emfwar54EWcBXGJUn1U4PebbG1ULuQ==
NWG-WGT1850215,Trade Up to WatchGuard Total Security Suite for Firebox T185 - 5-Year," $9,830.00 ",Electronic,T-Series,T185,https://partner.leadersystems.com.au/products.html?FfO/PX+hyz0=IvDbdA9fQ+T2/B8YsS1Mng==80UP8mD8uEgbaA2CCdCI+5zrstzh1A==
NWG-WGT26000,WatchGuard Firebox T25-W Appliance Only, $415.00 ,Physical,T-Series,T25-W,https://partner.leadersystems.com.au/products.html?Mt6+n+1vrzc=STF9BMD3mOECNm+oPeNxUA==wKevsv3Ya7YGKg1zHbwOgwn+UaI=
NWG-WGT260061,WatchGuard Standard Support for Firebox T25-W - 1-Year, $280.00 ,Electronic,T-Series,T25-W,https://partner.leadersystems.com.au/products.html?P4U6Ut4DfQI=WnnJYca/bIUgph9bstIeuw==VSHThiEiCZVLxVKy1Sf0NI5djlBt
NWG-WGT260063,WatchGuard Standard Support for Firebox T25-W - 3-Year, $465.00 ,Electronic,T-Series,T25-W,https://partner.leadersystems.com.au/products.html?BDkIiYfKMXo=nliamk+Z7NG1glS/C775KQ==Gn9evGQ/C0el3DD7IR652lZj30Rx
NWG-WGT260065,WatchGuard Standard Support for Firebox T25-W - 5-Year, $730.00 ,Electronic,T-Series,T25-W,https://partner.leadersystems.com.au/products.html?CALoT+LYyjw=JzzlXZ0FRUtzz3GVe/x1rg==aaXef0YtWgmdk372+4MYkY0tJl/C
NWG-WGT260071,WatchGuard Basic Security Suite for Firebox T25-W - 1-Year, $423.00 ,Electronic,T-Series,T25-W,https://partner.leadersystems.com.au/products.html?yjBy27V4xQg=lQQFnLuLT6g5Qrxvl43qrQ==XPNLmEQeYKYD6B44c/iqSpX1D3AX
NWG-WGT260073,WatchGuard Basic Security Suite for Firebox T25-W - 3-Year, $940.00 ,Electronic,T-Series,T25-W,https://partner.leadersystems.com.au/products.html?x2e8WXjnRjM=shf18o1ooq5X/pRgq8sNJw==nmA6ypKrUP4HtYNpjtpvzn1UD69i
NWG-WGT260075,WatchGuard Basic Security Suite for Firebox T25-W - 5-Year," $1,655.00 ",Electronic,T-Series,T25-W,https://partner.leadersystems.com.au/products.html?afX0Gg6gVoU=DYiiXAPsPhsCahiaJqqAGg==5RERztuGYzbYxe83vCVs5hSXobII
NWG-WGT260081,WatchGuard Total Security Suite for Firebox T25-W - 1-Year, $825.00 ,Electronic,T-Series,T25-W,https://partner.leadersystems.com.au/products.html?vrdUxe+IJ5s=Cp8NpR6WqFdFamodhsFQeg==iQOI0SN2JVG2Hi+qVAdZpIQUtWGU
NWG-WGT260083,WatchGuard Total Security Suite for Firebox T25-W - 3-Year," $1,850.00 ",Electronic,T-Series,T25-W,https://partner.leadersystems.com.au/products.html?OoPcs8hjbyk=9pMSm+B6no8TBrP4o/8LSw==xK5DhzDcGB9HymGT6f2q0nUIHlDa
NWG-WGT260085,WatchGuard Total Security Suite for Firebox T25-W - 5-Year," $3,305.00 ",Electronic,T-Series,T25-W,https://partner.leadersystems.com.au/products.html?2oinkr9wrIs=laf+m9e6XSPoy0M5JbnVhg==cSSHJQu5osu/g1/tFXjOMiA1zoR9
NWG-WGT260203,Trade Up to WatchGuard Basic Security Suite for Firebox T25-W - 3-Year, $765.00 ,Electronic,T-Series,T25-W,https://partner.leadersystems.com.au/products.html?z+Bs7+tQOKY=cSBBUEHI0hGg7Mvim/OGzw==gDBWrSVloORF0ZtR1A/eHwuJAg21
NWG-WGT260205,Trade Up to WatchGuard Basic Security Suite for Firebox T25-W - 5-Year," $1,475.00 ",Electronic,T-Series,T25-W,https://partner.leadersystems.com.au/products.html?AyIEkiXpcc8=V9bIoobUiX/Wgc78MVPRSA==MVrY7aaxYVRjDWdOA54FFBWoL06h
NWG-WGT260211,Trade Up to WatchGuard Total Security Suite for Firebox T25-W - 1-Year, $645.00 ,Electronic,T-Series,T25-W,https://partner.leadersystems.com.au/products.html?lhjlx96jiGE=rfCL/T4ZeR5QBrZx/HkaUQ==oshL5zOFDxIwdSL188V2HCv9/IfI
NWG-WGT260213,Trade Up to WatchGuard Total Security Suite for Firebox T25-W - 3-Year," $1,665.00 ",Electronic,T-Series,T25-W,https://partner.leadersystems.com.au/products.html?P73Sjnvhrms=byv1q1baZll2BaRwnPdggw==/5wHgjRTGkH1ZQK3KKUB4Bb+BhcO
NWG-WGT260215,Trade Up to WatchGuard Total Security Suite for Firebox T25-W - 5-Year," $3,125.00 ",Electronic,T-Series,T25-W,https://partner.leadersystems.com.au/products.html?rwp6rOy58Rw=s8Wvtu01F1FmnK2asu6Csw==nFv0aIuJOXBKKuU1c8iZrXFl9Jf4
NWG-WGT49000-AU,WatchGuard Firebox T45-CW  Appliance Only (AU), $889.00 ,Physical,T-Series,T45-CW,https://partner.leadersystems.com.au/products.html?o0Bh/WpKcog=habsB3qdV54BegP1Hg7y1A==kSbd5xz14Xbl9ZoMlRkh4IN6Qx5MR90=
NWG-WGT490061,WatchGuard Standard Support for Firebox T45-CW - 1-Year, $496.00 ,Electronic,T-Series,T45-CW,https://partner.leadersystems.com.au/products.html?t29sfaSdl3U=bqblmhTVJ6G34axW0bHDlg==lkVoadj+ssehhVfFUnRtdqyz9exA
NWG-WGT490063,WatchGuard Standard Support for Firebox T45-CW - 3-Year, $871.00 ,Electronic,T-Series,T45-CW,https://partner.leadersystems.com.au/products.html?oeD4SIaZGGM=t6I4043+mW851KUK4b5LtA==yuRqn5Dyx/mBYl1oWc+cYWbTf1u2
NWG-WGT490065,WatchGuard Standard Support for Firebox T45-CW - 5-Year," $1,396.00 ",Electronic,T-Series,T45-CW,https://partner.leadersystems.com.au/products.html?3TZmVP3YQXA=Folu6+BrJPVHI7g+XjHqSg==IZCBrJPc3xF6X9iaMGicNzilom6i
NWG-WGT490071,WatchGuard Basic Security Suite for Firebox T45-CW - 1-Year, $796.00 ,Electronic,T-Series,T45-CW,https://partner.leadersystems.com.au/products.html?IR5jLZl9P08=9A0vL9MkzK05pA1uQkhrRA==Z88QlBlsXHRooXmohaWuG3GQ7VAS
NWG-WGT490073,WatchGuard Basic Security Suite for Firebox T45-CW - 3-Year," $1,811.00 ",Electronic,T-Series,T45-CW,https://partner.leadersystems.com.au/products.html?xlqJKZQ/IQc=dPzQlz+I6qMvY2xKfBfi9w==i1X+tLsbjJBIfn7lDyXlLkWDHDgw
NWG-WGT490075,WatchGuard Basic Security Suite for Firebox T45-CW - 5-Year," $3,266.00 ",Electronic,T-Series,T45-CW,https://partner.leadersystems.com.au/products.html?KdL8YkGyRV8=GCeudRo6qvjL8HMDCdHj/g==TFQ3YMZQr6epgJgTqVI34Gh0cF5c
NWG-WGT490081,WatchGuard Total Security Suite for Firebox T45-CW - 1-Year," $1,581.00 ",Electronic,T-Series,T45-CW,https://partner.leadersystems.com.au/products.html?TAqT27ZHlQE=gPtQb7LIZbSsIiIyw3vTbA==dpUB4ufOPmEamqwBrRM+EA6FzflT
NWG-WGT490083,WatchGuard Total Security Suite for Firebox T45-CW - 3-Year," $3,631.00 ",Electronic,T-Series,T45-CW,https://partner.leadersystems.com.au/products.html?z1rjXKmyUe0=6XjOCWUBsV1N/qlMnk59cg==TVH9mJ3nvtGLzjFKqbsYC2Gz0TMN
NWG-WGT490085,WatchGuard Total Security Suite for Firebox T45-CW - 5-Year," $6,511.00 ",Electronic,T-Series,T45-CW,https://partner.leadersystems.com.au/products.html?kyf44QrghOs=QcgGX2aOUipPNRkUdDwe4w==ahEWE8vupp5UuiJUtUoe34LJGeKG
NWG-WGT490201,Trade Up to WatchGuard Basic Security Suite for Firebox T45-CW - 1-Year, $446.00 ,Electronic,T-Series,T45-CW,https://partner.leadersystems.com.au/products.html?+3hhv3Kmtn4=+9ypO58h1tjQyyYOoyCB+w==ggCj8WH8Ku8UX0+X1jb3iWIl1FSy
NWG-WGT490203,Trade Up to WatchGuard Basic Security Suite for Firebox T45-CW - 3-Year, $961.00 ,Electronic,T-Series,T45-CW,https://partner.leadersystems.com.au/products.html?gXgvkCh5XrM=CjRomCqmBKtqe2eTHXWfSg==oN6x3Utkzt3xu0pm46iVGivVxSKW
NWG-WGT490205,Trade Up to WatchGuard Basic Security Suite for Firebox T45-CW - 5-Year," $2,421.00 ",Electronic,T-Series,T45-CW,https://partner.leadersystems.com.au/products.html?eo+F33ddf5Q=an9txoJcmvVOrD4fNPSrgw==MiZ8ulC+lCsS4JTzRpwI+qUXE2J8
NWG-WGT490211,Trade Up to WatchGuard Total Security Suite for Firebox T45-CW - 1-Year," $1,221.00 ",Electronic,T-Series,T45-CW,https://partner.leadersystems.com.au/products.html?WTJCVr/BLpI=xdmOFBRgg55h3ffrgxt6xw==wkIU0VU+wBXv207FxKJEJY1hjFKY
NWG-WGT490213,Trade Up to WatchGuard Total Security Suite for Firebox T45-CW - 3-Year," $3,261.00 ",Electronic,T-Series,T45-CW,https://partner.leadersystems.com.au/products.html?HtZ8i5VULjQ=YeVRziUaacWpGHZPpoHNhA==iZX4566FeXoXgbl0NRWqsCvw+VgX
NWG-WGT490215,Trade Up to WatchGuard Total Security Suite for Firebox T45-CW - 5-Year," $6,161.00 ",Electronic,T-Series,T45-CW,https://partner.leadersystems.com.au/products.html?AIn958EBk1Y=TCqzXJuw6L/pmb457Hb56w==fegrZ721lMDZ5n8dupgoPMwhENg7
NWG-WGT47000-AU,WatchGuard Firebox T45-PoE  Appliance Only (AU), $597.00 ,Physical,T-Series,T45-PoE,https://partner.leadersystems.com.au/products.html?YCGmGhMvRdg=rkSt+tNGql+FNVRs3jCrqw==mfop2de0pflG/4no8Hbks+BCf2Bt6gk=
NWG-WGT470061,WatchGuard Standard Support for Firebox T45-PoE - 1-Year, $418.00 ,Electronic,T-Series,T45-PoE,https://partner.leadersystems.com.au/products.html?QWpILFlbwfU=SCRcWtZaKbtWjRuMm/3ppA==CMOwqSlHS3m5ogZb446QFZ2ZiW0G
NWG-WGT470063,WatchGuard Standard Support for Firebox T45-PoE - 3-Year, $683.00 ,Electronic,T-Series,T45-PoE,https://partner.leadersystems.com.au/products.html?H3ugXDtn+/Q=VrDo81maExyqq/MHlj5CZg==qQgq0qhEhV53r28qXVzKviY/b2xm
NWG-WGT470065,WatchGuard Standard Support for Firebox T45-PoE - 5-Year," $1,068.00 ",Electronic,T-Series,T45-PoE,https://partner.leadersystems.com.au/products.html?K1J5x7Ug04A=pvR9wdiI1NvMbFTdx63RPg==G8l7E1CZSE+VSHPx2flf6Eg0OJwI
NWG-WGT470071,WatchGuard Basic Security Suite for Firebox T45-PoE - 1-Year, $638.00 ,Electronic,T-Series,T45-PoE,https://partner.leadersystems.com.au/products.html?wFvxXS3ZGS8=ysHnvVItuoVWXc4H+zi0Ag==QBh/dYL0jxxTvvph92kPY+KhQET4
NWG-WGT470073,WatchGuard Basic Security Suite for Firebox T45-PoE - 3-Year," $1,368.00 ",Electronic,T-Series,T45-PoE,https://partner.leadersystems.com.au/products.html?Mq6Mgfxk0f0=UZ06uTLt0yrekWszPqvBdg==nCQoNb+R6iMjalRvVwN4eavRjaOY
NWG-WGT470075,WatchGuard Basic Security Suite for Firebox T45-PoE - 5-Year," $2,423.00 ",Electronic,T-Series,T45-PoE,https://partner.leadersystems.com.au/products.html?lrw1vMmLEPs=gY5LHS/4EdQv/sfCEu5B0w==8NInVdYYjdLgFgYOgVigB2tGW820
NWG-WGT470081,WatchGuard Total Security Suite for Firebox T45-PoE - 1-Year," $1,128.00 ",Electronic,T-Series,T45-PoE,https://partner.leadersystems.com.au/products.html?gbGORCiYZyA=T937Un19J8P3QFL11Y3EmA==+J+c1Y4A0IQXu4kLXc9Fb5XdhwEv
NWG-WGT470083,WatchGuard Total Security Suite for Firebox T45-PoE - 3-Year," $2,553.00 ",Electronic,T-Series,T45-PoE,https://partner.leadersystems.com.au/products.html?nmNqz5cPm8U=HJT/0WrSESzDJ5nxhZxisA==B+z16w545B3qrkOZPLAl5QTBSzUI
NWG-WGT470085,WatchGuard Total Security Suite for Firebox T45-PoE - 5-Year," $4,733.00 ",Electronic,T-Series,T45-PoE,https://partner.leadersystems.com.au/products.html?3CwQtw+qgYY=mBIMkC8yaYkh/WPR2p2elg==Flri0BSL1mtd5Wy3Ci/JFGMys4fn
NWG-WGT470203,Trade Up to WatchGuard Basic Security Suite for Firebox T45-PoE - 3-Year," $1,113.00 ",Electronic,T-Series,T45-PoE,https://partner.leadersystems.com.au/products.html?j9ho5ZVtjAY=0Pd2jE0jgMJoGrDuP+9vkA==dDCM/uQWymmXKlzvzH78FidRAG4C
NWG-WGT470205,Trade Up to WatchGuard Basic Security Suite for Firebox T45-PoE - 5-Year," $2,168.00 ",Electronic,T-Series,T45-PoE,https://partner.leadersystems.com.au/products.html?OX3sQllh4Rs=oyeqKH6xpcGx3xeASx61qw==akGQ0swFhpBsB4txRdraSSdlrvsO
NWG-WGT470211,Trade Up to WatchGuard Total Security Suite for Firebox T45-PoE - 1-Year, $853.00 ,Electronic,T-Series,T45-PoE,https://partner.leadersystems.com.au/products.html?K7G/2gVi79U=i7NQji9ZLZURCcRm+NrTpA==daCeSpKsX1nmgjZtANSkugcsjsGJ
NWG-WGT470213,Trade Up to WatchGuard Total Security Suite for Firebox T45-PoE - 3-Year," $2,293.00 ",Electronic,T-Series,T45-PoE,https://partner.leadersystems.com.au/products.html?9Uu868i6OAU=y7Mpz8SDKBfgnqgbI9q/sw==ZY+6RwHEWJRORxoM7s3FGVr7lF1i
NWG-WGT470215,Trade Up to WatchGuard Total Security Suite for Firebox T45-PoE - 5-Year," $4,468.00 ",Electronic,T-Series,T45-PoE,https://partner.leadersystems.com.au/products.html?yb4EtjJHBiM=Eu88TgJAY2xM3zBCxrhw2Q==vRoEqyZLH41qGlOfgYrbXYVZt1kK
NWG-WGT48000-AU,WatchGuard Firebox T45-W-PoE  Appliance Only (AU), $776.00 ,Physical,T-Series,T45-W-PoE,https://partner.leadersystems.com.au/products.html?J/MKJxRJ5FE=mHMqDkcdrw6rz01E5XBDeg==l6OjGbHKZHnUozC4ol8rzFg+6c8OhDQ=
NWG-WGT480061,WatchGuard Standard Support for Firebox T45-W-PoE - 1-Year, $534.00 ,Electronic,T-Series,T45-W-PoE,https://partner.leadersystems.com.au/products.html?NyEIk3Q0e4w=MCku9OI0k99F3+9R+aVECg==RjIjNWDWcSRv5eXEi3ZQXyYPM/dJ
NWG-WGT480063,WatchGuard Standard Support for Firebox T45-W-PoE - 3-Year, $889.00 ,Electronic,T-Series,T45-W-PoE,https://partner.leadersystems.com.au/products.html?JUXdS6YF1pQ=kcxALZ37Mi22yiSW5xSMRw==G+MRbn8wezhnjrvhVd/L9c+UttmC
NWG-WGT480065,WatchGuard Standard Support for Firebox T45-W-PoE - 5-Year," $1,384.00 ",Electronic,T-Series,T45-W-PoE,https://partner.leadersystems.com.au/products.html?SpC5w0IhYl0=4XUNEZfEunSHw9ARX2K37A==e4NfLEJdlTHTU0De2fj4sPLsWaSE
NWG-WGT480071,WatchGuard Basic Security Suite for Firebox T45-W-PoE - 1-Year, $819.00 ,Electronic,T-Series,T45-W-PoE,https://partner.leadersystems.com.au/products.html?FieCCW96NvM=EQBLkTep4rqyDaQ5CLeFmg==hrqfvGJn0LLyqXVnu53p5YSu7EIm
NWG-WGT480073,WatchGuard Basic Security Suite for Firebox T45-W-PoE - 3-Year," $1,779.00 ",Electronic,T-Series,T45-W-PoE,https://partner.leadersystems.com.au/products.html?IQidT1OcTdA=Y8VXViaIGAUBnzdorKPokw==3TaiIwzhVITjQyMzJ4icO45nvsHz
NWG-WGT480075,WatchGuard Basic Security Suite for Firebox T45-W-PoE - 5-Year," $3,159.00 ",Electronic,T-Series,T45-W-PoE,https://partner.leadersystems.com.au/products.html?j6Y3PYYEVMM=nq/lAHRvUzxYiBKV19VNiw==FJYx43jFekGAwDZ89sW5zt/NkcAE
NWG-WGT480081,WatchGuard Total Security Suite for Firebox T45-W-PoE - 1-Year," $1,564.00 ",Electronic,T-Series,T45-W-PoE,https://partner.leadersystems.com.au/products.html?FXCSvyvJcK8=Ob3s01PMfUjcWU1YvcxWug==C7V/axdTYgGQvWYqMgPPe68/is7g
NWG-WGT480083,WatchGuard Total Security Suite for Firebox T45-W-PoE - 3-Year," $3,494.00 ",Electronic,T-Series,T45-W-PoE,https://partner.leadersystems.com.au/products.html?f5nbSMBLhl0=iWkfTnYuqs7OR1gdDsIfyg==dId8cNZSQtQ45X6K3EFUk3BLIZec
NWG-WGT480085,WatchGuard Total Security Suite for Firebox T45-W-PoE - 5-Year," $6,234.00 ",Electronic,T-Series,T45-W-PoE,https://partner.leadersystems.com.au/products.html?GgEXbUr+R64=tn0Uik+0i34ESugYaJQwaQ==eFbiAJe8coQV6RJ9m3064wNgWRER
NWG-WGT480201,Trade Up to WatchGuard Basic Security Suite for T45-W-PoE - 1-Year, $489.00 ,Electronic,T-Series,T45-W-PoE,https://partner.leadersystems.com.au/products.html?SYZgzg94J9c=X8ZGuAUfciQn97VV6Poifg==qNvxmAS1Fpv6HSKAg9tVx0Y5IdAw
NWG-WGT480203,Trade Up to WatchGuard Basic Security Suite for Firebox T45-W-PoE - 3-Year," $1,446.00 ",Electronic,T-Series,T45-W-PoE,https://partner.leadersystems.com.au/products.html?AVXy7ef8DeI=KR90e/6NSktE9uB6WDfBqg==imaiwzN9aE/kX8aGeVQpGhzO3iRg
NWG-WGT480205,Trade Up to WatchGuard Basic Security Suite for Firebox T45-W-PoE - 5-Year," $2,824.00 ",Electronic,T-Series,T45-W-PoE,https://partner.leadersystems.com.au/products.html?x8uyDUe8Wto=oI4dgq1fPZqRnuVF54AN0Q==camgjV/teyrxgyT84h/Ar8cUy3Ec
NWG-WGT480211,Trade Up to WatchGuard Total Security Suite for Firebox T45-W-PoE - 1-Year," $1,218.00 ",Electronic,T-Series,T45-W-PoE,https://partner.leadersystems.com.au/products.html?zfWlVPXCaW4=ywV7pus5033lDljdjzD1oQ==OyadNLPWPGjCkO+VxaZ476AgeMjh
NWG-WGT480213,Trade Up to WatchGuard Total Security Suite for Firebox T45-W-PoE - 3-Year," $3,154.00 ",Electronic,T-Series,T45-W-PoE,https://partner.leadersystems.com.au/products.html?ExqUc9J/mbY=cs08DSIwvcIYBFjwty1BAg==jPuMgiiRGG3geGxnnuIQMklOkQME
NWG-WGT480215,Trade Up to WatchGuard Total Security Suite for Firebox T45-W-PoE - 5-Year," $5,894.00 ",Electronic,T-Series,T45-W-PoE,https://partner.leadersystems.com.au/products.html?HNOHyaCcB4U=ali3jGIOffxaOFEsVpg28Q==eEFDRUAuOd29Bnc6chkGGekD7BkD
